"Run","Well","cell_id","low.complexity","SPIKE_1","SPIKE_4","SPIKE_7","SPIKE_3","SPIKE_6","rRNA_18S","rRNA_28S","rRNA_5.8S","Nextera","HPV","HPV_as"
"1772-062-248","A01","1772-062-248_A01",3094.44379950346,4149.68604951925,292.769261162401,41.4968604951925,0,0,2344.95449092772,108.451917613202,0.254581966228175,108543.312539078,2084.77172144252,753.562620035397
"1772-062-248","A02","1772-062-248_A02",34459.273317212,5752.50455871228,182.567134417512,19.6778947276361,0,0,364.041052461267,177.101052548725,3.27964912127268,251986.374151117,804.607251085564,452.59157873563
"1772-062-248","A03","1772-062-248_A03",2430.86373243259,6193.9029399808,657.041970231976,20.2199504930475,0,0,2404.89705916783,140.901128698921,0,105107.559494544,2729.48047497728,964.810900894573
"1772-062-248","A04","1772-062-248_A04",2511.14979063772,5268.02562920377,434.338637668997,8.98155189241298,0,0,2311.71327938568,91.4275923407168,0,107656.105129295,2441.60033752211,876.27705001619
"1772-062-248","A05","1772-062-248_A05",2888.14590744524,4752.61084248969,425.938049676997,42.8895952799754,0,0,1522.33414051223,118.562616837173,1.47895156137846,107481.818755472,2918.71090638039,1057.2038744587
"1772-062-248","A06","1772-062-248_A06",3480.43281713707,3927.82583201104,323.390011300234,42.9713378720888,0,0,1365.26079182179,75.6295546548763,0.736651506378665,103527.774953947,2340.09628526289,818.174273084571
"1772-062-248","A07","1772-062-248_A07",2528.46511638476,7935.72941635859,850.459619359195,145.057240799186,0,0,2464.45813545771,145.057240799186,0.946848830281892,119995.477849987,1744.66365467741,624.541488453936
"1772-062-248","A08","1772-062-248_A08",5164.96465043205,530263.157894737,27778.8688138256,3755.19021434182,0,0,43.4855796206935,9.81932443047918,0,194424.026484121,16.8331275951072,11.2220850634048
"1772-062-248","A09","1772-062-248_A09",3517.26700000634,3657.90128530573,258.710690249991,36.3040886863066,0,0,1744.35859134496,114.904203026563,0.352466880449579,112681.899345328,2246.97636286606,769.43520002143
"1772-062-248","A10","1772-062-248_A10",9221.41064873759,526919.669116278,36647.3824893714,3305.85896490875,0,0,22.3368848980321,0,0,189241.811670278,18.6140707483601,11.1684424490161
"1772-062-248","A11","1772-062-248_A11",1782.10925193787,12359.5550255613,1090.1886989841,205.920853558491,0,0,3033.69090286693,216.680383688155,0,131754.419187321,371.948680020844,126.962455530034
"1772-062-248","A12","1772-062-248_A12",3567.04221206091,3432.22681639009,343.531891262107,5.56577321576771,0,0,1111.91780466115,69.8813748201946,0.309209623098206,118721.962417426,4229.98764398346,1542.02839039075
"1772-062-248","B01","1772-062-248_B01",2334.13756147608,6138.80203071992,397.795343304467,3.44148643062388,0,0,2188.17804874197,122.071548098012,0.202440378271993,111061.423244933,1419.30949206494,511.769276271599
"1772-062-248","B02","1772-062-248_B02",3708.97698870259,3533.99980464876,211.830255352834,16.179397155662,0,0,1342.5903454541,55.4294161814346,0,112225.392185591,2128.78919983293,769.719838757326
"1772-062-248","B03","1772-062-248_B03",3830.29068241588,3680.23559246951,282.175308584407,46.3317508798549,0,0,2520.44724786411,111.794031155263,1.19565808722206,103318.309889467,2233.48930693081,787.041935913922
"1772-062-248","B04","1772-062-248_B04",3047.23924096191,9780.66165550394,823.035904139794,99.6992474982108,0,0,2475.93359450951,233.11421562341,25.8556139777518,113759.3235344,3468.78917125518,1264.64979087979
"1772-062-248","B05","1772-062-248_B05",4529.06502691481,4742.5392953707,383.36947027434,47.6843410308281,0,0,1478.53036229362,94.1055207098461,1.57895168976252,106999.240208447,2566.74386687795,903.476156882114
"1772-062-248","B06","1772-062-248_B06",8010.59767786176,526712.382139796,33836.2035377542,3999.0649107769,0,0,38.9620509623627,20.2602665004286,0,191620.042079015,7.79241019247253,1.55848203849451
"1772-062-248","B07","1772-062-248_B07",13764.8162413339,217912.121362721,15174.9993787739,1485.50679621301,0,0,2113.72164103074,1594.99788783142,68.3348656909276,205280.266133241,11.6479884700445,9.31839077603558
"1772-062-248","B08","1772-062-248_B08",3288.04752932091,8148.26762859287,704.826005244648,62.0755219598269,0,0,2742.5649898944,134.904283944191,0.977567274957904,107045.57174244,2998.93200775211,1056.50583241075
"1772-062-248","B09","1772-062-248_B09",6631.6049533131,510357.758080947,31944.7405737802,3237.11668172696,0,0,15.2295086960495,6.76867053157754,0,206124.631530498,45.6885260881484,8.46083816447192
"1772-062-248","B10","1772-062-248_B10",5020.04729780845,3800.18813870954,304.656433061102,16.4456913933119,0,0,966.595511641905,76.883607263733,0,108185.102834908,1788.8800813075,618.357996388526
"1772-062-248","B11","1772-062-248_B11",2493.45090811901,5871.83243264889,411.617292768853,18.858032078211,0,0,1616.20319366594,72.8711609935808,1.86252168673689,111161.813090361,1256.03806249319,468.424204214328
"1772-062-248","B12","1772-062-248_B12",2549.40988723848,4907.23041579713,381.863458604423,40.9922312049524,0,0,1508.8210020518,82.4228819949845,1.75367834031882,116935.052522666,2374.48047279168,866.317100117496
"1772-062-248","C01","1772-062-248_C01",3682.48385663367,4373.70461762781,381.589576643041,41.4942554092226,0,0,1561.81225897878,71.1705266829072,0.262621869678624,111792.352241057,1239.04998114375,454.598456413699
"1772-062-248","C02","1772-062-248_C02",9588.77832394197,488912.600407625,39916.0772089677,6008.87183790912,0,0,7.1933820884786,2.39779402949287,0,207773.648243616,35.966910442393,16.7845582064501
"1772-062-248","C03","1772-062-248_C03",2538.72419378207,7974.59978332184,570.347960911432,145.785624131864,0,0,1901.52027915875,89.2013398581861,1.62184254287611,117797.307164724,3048.8837758801,1120.15258294643
"1772-062-248","C04","1772-062-248_C04",3829.05953228355,5134.05904037686,379.346863660827,2.89356875408717,0,0,1301.237868713,79.5731407373971,0.578713750817433,108928.106390736,4143.87981272823,1490.4772652303
"1772-062-248","C05","1772-062-248_C05",4629.76397755852,5323.80537821629,473.677210292126,58.6428709615013,0,0,1317.04633391372,60.15428516154,3.62739408009286,111088.641420004,3527.3384600503,1239.66192687174
"1772-062-248","C06","1772-062-248_C06",3726.67860033376,6659.03896192914,604.240757779073,150.269298400555,0,0,2096.91578855792,92.0069914768308,0.263630348071149,107936.85525903,776.655005417604,271.802888861354
"1772-062-248","C07","1772-062-248_C07",3187.50871904398,6677.11214341282,519.791547206456,11.4185344658534,0,0,1397.77755602653,73.9722450179196,0.248229010127247,114415.701179932,1037.34903332177,378.052782423797
"1772-062-248","C08","1772-062-248_C08",9842.27572417668,503236.693821571,25629.1620536378,5959.06935241337,0,0,30.9830295619413,4.13107060825884,0,204686.286498009,51.6383826032355,18.5898177371648
"1772-062-248","C09","1772-062-248_C09",3737.53316365787,4011.46316487444,384.71051641445,74.1222356233076,0,0,1402.2799032866,74.927912097474,1.61135294833277,118183.876318993,1106.59663726753,382.696325229034
"1772-062-248","C10","1772-062-248_C10",2678.27947286106,8653.83884189634,898.082923750402,22.0528406340065,0,0,1256.50495428471,63.8771935605705,2.53480926827661,108766.130892481,1413.40964799104,454.744782728824
"1772-062-248","C11","1772-062-248_C11",8111.04110935557,524120.369301408,34588.1972642141,2656.95144920127,0,0,19.7910722473092,6.59702408243641,0,197575.923500909,4.94776806182731,0
"1772-062-248","C12","1772-062-248_C12",1537.34855436148,4911.8820331576,521.297492023473,61.2552039437043,0,0,1016.67932083999,52.616649541387,0.628258501986711,141445.805008037,4040.64455552753,1526.51109520221
"1772-062-248","D01","1772-062-248_D01",1955.3773544612,4793.54418485457,450.070473668475,24.0251142527656,0,0,1526.12864647845,58.1941656344766,0.266945713919617,119768.664844317,450.871310810234,181.25613975142
"1772-062-248","D02","1772-062-248_D02",2165.78205560429,4495.13037349003,369.495009758081,27.3591050218961,0,0,1363.24830829534,77.664556191189,2.64765532469962,120908.416425583,2201.67249445022,803.710483008819
"1772-062-248","D03","1772-062-248_D03",1639.56967025275,6657.12044992218,580.319238080423,35.6478510827225,0,0,1731.69853214186,79.6289660549125,0.231479552485211,122670.96848267,3187.01047861638,1209.24918218274
"1772-062-248","D04","1772-062-248_D04",1998.50712609761,5974.77185075411,478.331213787297,49.4166379540529,0,0,1712.10904204346,102.10951709843,0.546040198387325,113282.045597633,1565.49724877646,564.605565132494
"1772-062-248","D05","1772-062-248_D05",1869.60831224001,5284.53462895262,500.650267117878,3.61393359324744,0,0,1195.00737483382,73.4833163960312,0.481857812432992,119780.455943499,2476.26729809314,909.506620967272
"1772-062-248","D06","1772-062-248_D06",2442.51482186858,7944.96220429918,767.288849538115,67.8903322629718,0,0,1348.07142780286,91.7159960382789,2.04951946454254,114374.202288596,974.54650538998,370.963023082201
"1772-062-248","D07","1772-062-248_D07",6768.50890557795,513356.681543004,34245.3517062845,4636.49601574824,0,0,32.0223279895371,11.7976997856189,0,205155.257729179,18.5392425202583,15.1684711529386
"1772-062-248","D08","1772-062-248_D08",2184.54908596101,6418.94389276298,645.590518197275,37.7826511922069,0,0,1241.89931744819,68.7206191974198,0.547574654959521,116259.955591695,2585.92130804634,959.35079548908
"1772-062-248","D09","1772-062-248_D09",2217.56508122657,4558.32822252128,433.886064010481,6.73213442995315,0,0,1708.27911160061,81.1222198809355,0.336606721497658,121210.397377699,1727.80230144748,641.909017896033
"1772-062-248","D10","1772-062-248_D10",2502.68089323231,6115.6431584653,579.035939077279,54.2653489231103,0,0,1182.73794584688,83.2479784615897,0.924977538462108,113182.409887147,3022.51826984801,1110.58969784684
"1772-062-248","D11","1772-062-248_D11",7291.66207586502,521760.399818425,37150.2360039312,1732.01764630701,0,0,141.029426671309,92.5505612530465,0,196341.608528755,22.035847917392,15.4250935421744
"1772-062-248","D12","1772-062-248_D12",1025.43886871262,6413.31242084427,495.860836890973,61.5632365152189,0,0,958.843215043572,46.29823781526,10.2325815461263,147245.841965327,1991.32746777156,796.128393736318
"1772-062-248","E01","1772-062-248_E01",4345.61488224438,4502.19208077949,377.100046853635,30.7775791013664,0,0,1330.30856465324,71.7147474206596,0,105008.318910701,1317.45967240703,460.169629282566
"1772-062-248","E02","1772-062-248_E02",2758.05657715314,7419.47019418403,578.534222405819,33.6536337189886,0,0,2080.87353529624,114.062697490312,0.513795934641047,108854.604998823,2681.50098289162,998.048603040233
"1772-062-248","E03","1772-062-248_E03",2875.80252167695,10003.6040388239,900.051185019468,118.616969271735,0,0,1689.6328289596,64.70016505731,1.917041927624,105507.038419437,2836.98242264257,1064.91679079513
"1772-062-248","E04","1772-062-248_E04",7330.39191655092,533963.831467713,32378.7346460767,3674.04744396329,0,0,57.1942152136612,35.4059427513141,0,183336.056867391,5.44706811558679,5.44706811558679
"1772-062-248","E05","1772-062-248_E05",3762.12578348979,8993.93935548414,651.696419979082,42.5651617106013,0,0,2272.08074373235,104.694435014895,0,106858.648764976,1162.4783605063,385.730254259424
"1772-062-248","E06","1772-062-248_E06",3454.12407485121,5495.11102328392,489.684859020163,35.0162676350339,0,0,1180.78111792556,63.7893247614958,1.35721967577651,100962.214461339,2704.39592595227,933.495692999081
"1772-062-248","E07","1772-062-248_E07",4541.58424496324,7050.98112853253,782.830817245588,34.6413967929189,0,0,1504.14887383085,100.039173915999,3.23751371896438,104866.306870975,3401.97941588777,1168.41870117425
"1772-062-248","E08","1772-062-248_E08",3204.16431718982,6830.97341436418,557.609172357622,28.4547751811708,0,0,1160.64156381179,72.5727293611511,0.261052983313493,103941.116889084,1820.5835056283,656.809306016749
"1772-062-248","E09","1772-062-248_E09",2939.63554428066,6491.48999309325,551.489415342436,23.9635281666654,0,0,1697.79955723278,85.3495523744245,0.656535018264804,110225.335948969,1643.63541822594,600.073006694031
"1772-062-248","E10","1772-062-248_E10",3156.79346989927,4484.12931524017,396.941952484454,54.8277820204038,0,0,1145.22928363027,59.3035193281918,0,103102.525155042,1760.36342986939,625.484288763382
"1772-062-248","E11","1772-062-248_E11",2770.78754980052,5470.94763871187,496.256977666804,65.0332065613144,0,0,1225.14169780025,72.2591184014605,2.09784537294563,104578.990404921,1119.78324129231,403.951781257197
"1772-062-248","E12","1772-062-248_E12",2673.88730648757,4775.8062802264,368.147311584275,47.7227996498134,0,0,1319.07698933548,83.2210397834184,0.235087683004007,114449.382330622,1211.64191820265,456.775368076785
"1772-062-248","F01","1772-062-248_F01",3311.28419048199,5686.54857368928,404.536196316351,8.26027698012969,0,0,1693.57415663659,109.774733551723,0.434751420006826,114318.755393635,1916.16688368008,730.382385611467
"1772-062-248","F02","1772-062-248_F02",3037.3508424805,6966.23418090718,541.059853831181,50.0675203021433,0,0,2015.92619480705,93.0500141464362,1.88934038876013,112809.680602284,1760.62907477584,641.667229532658
"1772-062-248","F03","1772-062-248_F03",2594.73942230546,7490.56691093927,645.8691609148,81.2967840466631,0,0,2249.07450676197,86.0066732987368,0,110661.919644375,2972.14489585206,1162.72831188149
"1772-062-248","F04","1772-062-248_F04",6308.23574615982,548711.718320191,28612.4719464166,1944.10241631954,0,0,46.9379022469065,5.4578956101054,0,186958.030965917,9.82421209818973,3.27473736606324
"1772-062-248","F05","1772-062-248_F05",2943.6896505597,10057.8013040686,1050.45416981751,4.09495778098528,0,0,2412.1251309899,107.443892253471,1.55998391656582,117059.633115183,373.616148017514,138.253574605646
"1772-062-248","F06","1772-062-248_F06",4573.23167264845,7022.39392701041,457.239881311965,94.3907465974912,0,0,1126.85894246828,64.6854234035748,1.94333890053658,108213.993816851,4971.61614725845,1795.36752425287
"1772-062-248","F07","1772-062-248_F07",3132.94191870663,6131.82917123281,451.614233793213,51.5594869924789,0,0,1811.84724517661,70.7771139624028,0.234361304511268,109881.46942663,2668.20345186078,968.84963284958
"1772-062-248","F08","1772-062-248_F08",3314.25104534584,6235.65186080926,671.227545097125,23.935245794161,0,0,1299.78791290901,85.0741888553333,1.0406628606157,107316.796506703,5240.77816606065,1899.99021776911
"1772-062-248","F09","1772-062-248_F09",3407.03374488945,6539.47074019079,513.915444541627,70.2382889571426,0,0,1356.13927140329,80.0907186298639,0.635640624046539,114347.616601916,3075.22933913716,1084.08508431137
"1772-062-248","F10","1772-062-248_F10",3272.22563020908,9783.66035652115,831.155358583485,125.60637975139,0,0,1567.08911880306,93.0683461396016,1.19625123572753,112340.671297913,2185.55100767419,772.060547538546
"1772-062-248","F11","1772-062-248_F11",4135.05960189357,8293.61774938687,743.740375292306,73.6896138709861,0,0,2024.29703986768,146.466662864313,0,113122.454799521,3087.43512234073,1094.6215707523
"1772-062-248","F12","1772-062-248_F12",2109.20069256143,8864.7396348161,891.521253087092,2.66523543523794,0,0,1786.20747325353,108.774921200649,1.33261771761897,132301.953850782,1866.49769074007,714.782828287876
"1772-062-248","G01","1772-062-248_G01",2568.27575614572,8054.9434715095,684.749673107896,62.3438050282137,0,0,1729.5244984317,97.4379999116452,3.30298304785238,117006.935851528,1098.6547362919,426.704122494429
"1772-062-248","G02","1772-062-248_G02",2858.49177241563,5947.69528934754,542.86546417793,53.4842821850177,0,0,2132.07797619366,110.128999226423,0.486220747136524,114200.125542197,1523.32960077873,557.695196965594
"1772-062-248","G03","1772-062-248_G03",3018.58442371694,7776.39229469267,420.908919015776,95.5941216774199,0,0,1826.18461962173,85.4872541872963,0.421119478755154,111880.075279318,2158.44788835954,781.597752569566
"1772-062-248","G04","1772-062-248_G04",3635.55137687274,6962.17870292777,538.135184931047,108.911787292068,0,0,1497.90206114827,92.2684310570867,4.08784188227599,108770.464758423,1484.47058067794,518.571941637297
"1772-062-248","G05","1772-062-248_G05",3647.11426286746,7325.50514343978,517.106746053673,42.22343390156,0,0,1877.1183392533,81.5798445135079,0.521276961747654,112887.738836072,1549.75640727578,545.776978949794
"1772-062-248","G06","1772-062-248_G06",3764.58825919197,6687.740515361,642.909296320041,45.5383425168991,0,0,1862.97870903404,80.3316828668894,1.0233335397056,108404.024361478,3478.56653484425,1197.04440807062
"1772-062-248","G07","1772-062-248_G07",3064.4013991088,8154.49420249005,622.5822633946,43.9118213841834,0,0,1472.31049290215,77.7078305123245,1.1495241200048,114474.439871382,1572.54899616657,535.218430274235
"1772-062-248","G08","1772-062-248_G08",3124.2137940151,6677.68717210324,605.038067175808,63.0149279047631,0,0,1648.33785098249,86.230953974939,0,110143.934623671,3137.95389107704,1147.06120644685
"1772-062-248","G09","1772-062-248_G09",2498.90222084989,6472.62999955003,610.04970909499,35.68752007423,0,0,1847.99288732209,140.164028117628,0.258605217929203,118865.819579415,2740.43949439577,973.907250721379
"1772-062-248","G10","1772-062-248_G10",3612.25298062084,6007.67518402688,601.45036395668,86.0385398030673,0,0,2452.78122994141,141.212460565669,0.273138221597039,110292.121327998,3053.9584556765,1082.17363396747
"1772-062-248","G11","1772-062-248_G11",2216.97870166879,10072.6578306674,865.775926317357,199.404342917048,0,0,2103.9896691105,88.6466916121567,0.4057056824355,124203.143326486,1380.41358448679,493.743815524003
"1772-062-248","G12","1772-062-248_G12",2960.32163615301,6666.68156136672,663.931255001361,45.2426514204517,0,0,1442.17933293341,79.1280940481151,0.186183750701447,119259.256776809,3187.09344450737,1174.63328317543
"1772-062-248","H01","1772-062-248_H01",2925.42342709452,8376.16009806812,529.402509156976,35.0122774980311,0,0,1748.71561889262,74.8756536855484,3.16376001488233,119269.956049046,1115.96361591616,405.80495124224
"1772-062-248","H02","1772-062-248_H02",2748.50288501793,7013.54362421471,546.060175831377,70.8102423130931,0,0,1743.17502471699,135.849116914147,1.3318540873936,119841.340662082,1515.20600009145,553.385373312041
"1772-062-248","H03","1772-062-248_H03",3438.75942804567,8825.12888365773,779.088696354705,56.0800868325297,0,0,1879.6883287732,131.374864771026,9.60734555298317,116422.707117613,3563.87834687522,1275.98954542063
"1772-062-248","H04","1772-062-248_H04",3748.52258893165,8325.23292472458,713.640661111585,54.194320139644,0,0,2870.82094048823,221.211361297274,0.739013456449691,112711.6226617,1989.9169004002,702.062783627206
"1772-062-248","H05","1772-062-248_H05",3138.01311135004,7045.32828465462,664.031967822173,62.4120405415758,0,0,1962.63099162286,107.145133976954,0,112733.824165192,2048.07923596948,728.586911043288
"1772-062-248","H06","1772-062-248_H06",9163.4576981334,509809.647252093,31527.6448557283,3554.98451405792,0,0,64.0537750280706,11.3036073578948,0,212517.238001221,11.3036073578948,7.53573823859654
"1772-062-248","H07","1772-062-248_H07",5379.47124257866,6349.10353902962,472.952261000389,69.2594497464976,0,0,1023.18011176423,86.574312183122,0,123180.817184552,1816.45732784217,642.89442935985
"1772-062-248","H08","1772-062-248_H08",3396.02178871528,5125.38443518439,405.566265314077,46.1497791080953,0,0,1563.57458130362,90.2930460810561,0,111988.458542199,1987.4502698508,699.269479094401
"1772-062-248","H09","1772-062-248_H09",2532.92588540549,6600.66503555561,703.411264991587,76.3642198996983,0,0,1859.6300874166,79.5908770785588,0.430220957181399,122853.89653272,913.35909209611,329.334142722361
"1772-062-248","H10","1772-062-248_H10",3740.47632589574,9556.19245920368,753.733428621593,57.8653616461459,0,0,1980.03397735338,109.795814405508,4.9457574056535,117908.092990131,3287.69223540816,1176.84297467525
"1772-062-248","H11","1772-062-248_H11",3582.83551323479,11138.9565856947,768.879395011678,172.519262053865,0,0,2550.16860140526,114.864437702961,0,112280.210460143,2071.3441721435,720.79660713602
"1772-062-248","H12","1772-062-248_H12",3429.45254042445,7011.95237406869,573.181616886142,43.1377678040811,0,0,2164.68990140267,82.374780008857,0.229456211723836,110722.947686278,953.620015924261,314.813922485103
"1772-062-249","A01","1772-062-249_A01",1560.70721945667,11357.9604780017,1132.53718013085,159.394121648045,0,0,3306.29871361845,112.931057847805,0,58187.5662259989,1986.61863762553,611.763673369824
"1772-062-249","A02","1772-062-249_A02",1983.00506382945,10305.2473243607,1025.76016506666,112.223281014971,0,0,3525.77985336158,169.319336268202,0.393765898298144,57686.7041006781,2401.97197961868,777.687649138834
"1772-062-249","A03","1772-062-249_A03",2759.80334116589,14481.2197488444,1255.53967147771,103.303897020318,0,0,3709.40454839112,180.781819785557,0.397322680847378,53386.6593347388,2486.84265942374,828.020466885936
"1772-062-249","A04","1772-062-249_A04",4069.91752986028,7070.92708607043,493.829721519221,67.995224199846,0,0,2560.76929105183,102.569067013327,0.576230713558017,49340.9073098323,2213.8784014899,694.934240550969
"1772-062-249","A05","1772-062-249_A05",1409.37569374214,8685.3432327767,838.965491724427,73.0741718260526,0,0,2566.8459090797,114.390370242471,0.924989516785476,73113.3297155966,1198.47808391505,376.779063170617
"1772-062-249","A06","1772-062-249_A06",2511.51235541671,6662.59790458753,591.780755789797,43.1012932112015,0,0,2808.911278574,90.9437286756352,0.431012932112015,65963.9431821512,5139.82921543578,1559.83580131338
"1772-062-249","A07","1772-062-249_A07",4409.08605884522,9911.90251993238,767.530106836447,59.9047888262593,0,0,1609.94119970572,114.661509862762,0,60535.6611335858,3330.79985997256,1111.04663026203
"1772-062-249","A08","1772-062-249_A08",2085.11648421429,10994.3186285632,909.828166033531,200.311962480633,0,0,2943.64981125746,96.973454733615,0.748829766282742,56918.9249500343,2517.19125935944,824.087157794157
"1772-062-249","A09","1772-062-249_A09",3475.67761909027,7812.75883521546,591.448053804594,80.3731276435703,0,0,1299.46781945864,43.5610081121641,0.613535325523438,67192.5482453503,3654.21639881759,1170.0118657732
"1772-062-249","A10","1772-062-249_A10",3286.00428057633,7673.59502217515,558.791730103043,10.4807925685664,0,0,2273.78036671742,131.285717437832,1.10324132300699,52652.1921405088,6234.41671631253,1917.98504004766
"1772-062-249","A11","1772-062-249_A11",650.586560972382,8026.93452959271,587.864605188655,54.8509652540042,0,0,2215.43786566285,83.3833059242486,0,104345.229515624,870.236390442453,252.855570767338
"1772-062-249","A12","1772-062-249_A12",776.699126709756,8614.80196056851,771.67357428847,113.577484721064,0,0,2161.74137401619,93.9778302780487,0.251277621064301,99244.8604931776,992.546603203991,297.261425719069
"1772-062-249","B01","1772-062-249_B01",2039.92605491531,7697.99440048343,750.446066214462,56.7639371109212,0,0,2838.19685554606,91.1798674852593,0.893920269463326,68409.0364612199,3668.64878587749,1194.72444013774
"1772-062-249","B02","1772-062-249_B02",2274.37132943441,9325.72411588118,858.253331862042,30.6519047093586,0,0,2709.15680854254,93.370417422354,0,67276.6867271594,2695.48134336452,834.674943624074
"1772-062-249","B03","1772-062-249_B03",4421.8409155404,7413.96229439658,574.595616826499,46.0326365977874,0,0,2344.95666433435,122.93421773762,0,53916.673345912,4251.79094034387,1300.28659377985
"1772-062-249","B04","1772-062-249_B04",3198.89968499046,8925.27027226881,650.230957698015,100.566425603029,0,0,3245.23911639578,119.79235990949,1.9718906980986,52759.4145456517,5339.88001045102,1715.05193467126
"1772-062-249","B05","1772-062-249_B05",2801.31141038592,4450.90371215079,392.514135673544,22.7245025916262,0,0,2134.0373797409,61.9759161589806,0,85254.0702682937,907.430705761075,273.726963035498
"1772-062-249","B06","1772-062-249_B06",1675.86959832464,6721.47085831127,547.163712796562,60.403275399738,0,0,1993.30808819135,99.9224396240346,0.321294018083713,81558.88002046,1498.19400632435,444.670921027858
"1772-062-249","B07","1772-062-249_B07",1980.59708284487,8963.61032077438,908.315401778781,173.356418629748,0,0,3016.04052495213,136.879338876405,0.361159205478641,83143.5441708543,3074.18715703419,994.993611093655
"1772-062-249","B08","1772-062-249_B08",1770.13538825127,7985.25122880237,738.931350488378,106.06670102704,0,0,2300.8617330199,118.244729663478,0.392839633433481,76974.1762938566,3514.73620032936,1140.02061622396
"1772-062-249","B09","1772-062-249_B09",1798.91718547405,6186.59249948037,407.292666752447,42.5603515682995,0,0,1393.10918214841,81.6564884740629,1.48466342680114,88000.4552967842,2424.45537596627,787.861391822474
"1772-062-249","B10","1772-062-249_B10",6331.84592058619,599043.343603136,45739.2908980052,4189.75573697075,0,0,10.791386315443,5.39569315772151,0,151114.480421727,5.39569315772151,2.69784657886075
"1772-062-249","B11","1772-062-249_B11",4355.84643667124,537793.838009261,29053.7168415533,1039.21209402816,0,0,15.7934968697289,9.47609812183735,0,180333.305957939,268.489446785392,148.458870575452
"1772-062-249","B12","1772-062-249_B12",809.214982902024,7432.78947258155,541.222534411278,158.293042322438,0,0,2036.56802061534,57.3230318704418,0.290979857210364,108908.813896267,2747.43181178026,838.31296862306
"1772-062-249","C01","1772-062-249_C01",2704.19275503187,22031.2385590464,1521.15329118995,282.479386542352,0,0,3340.9379033497,183.773120596803,3.94825063782194,71899.0798422423,3803.96002360336,1237.95604089526
"1772-062-249","C02","1772-062-249_C02",3706.97215220593,7857.94260563574,646.417402527205,47.9849095732652,0,0,1778.75095831931,89.9027616142785,0,62997.0161107955,4431.70975196766,1437.34108445896
"1772-062-249","C03","1772-062-249_C03",2991.63159362481,11890.5736208907,1118.50821234425,139.435652146969,0,0,2891.49487866831,122.80917872023,1.13362318818674,54327.3797962652,522.978164150149,180.623961317754
"1772-062-249","C04","1772-062-249_C04",2807.41455677016,11584.8352912452,1030.30024956617,147.888027870134,0,0,3358.41011767135,126.585597262802,0,58825.0234736399,1031.1195738203,318.717134855856
"1772-062-249","C05","1772-062-249_C05",1827.58734472632,5029.80234759106,463.458752171057,44.6210287284432,0,0,1159.77178031155,43.1211622165627,0,88411.5063759325,2212.30310502365,718.061092562762
"1772-062-249","C06","1772-062-249_C06",2152.21618017189,4493.33451718058,423.104591092516,27.1801664513393,0,0,970.331942312815,43.488266322143,0.453002774188989,92397.6168430056,2200.68747701011,671.350111348082
"1772-062-249","C07","1772-062-249_C07",1848.23907302986,9781.74632179494,669.45923641114,132.562895944439,0,0,2605.74133556952,115.951004222078,0,81033.1400595104,1176.12193394314,402.340017515579
"1772-062-249","C08","1772-062-249_C08",2192.27942406066,11334.5944548178,872.425244291304,98.2956913857898,0,0,3573.7213606734,197.4071146503,8.15731878720247,80091.8187802687,4887.45755135236,1594.34795695872
"1772-062-249","C09","1772-062-249_C09",1916.66288712665,23126.4238690163,1180.08868545272,106.408588045257,0,0,595.713652745167,75.4454333271698,0.436100770677282,157888.103519857,1861.27808925064,712.152558516001
"1772-062-249","C10","1772-062-249_C10",1553.34250854377,8940.80442884315,767.006355637342,103.607713362302,0,0,2074.86043886372,89.6902593285602,0,76603.213385498,1264.941933289,385.822753490961
"1772-062-249","C11","1772-062-249_C11",707.76461064514,5515.39205324818,503.136875716759,7.02705133682625,0,0,1209.21499404106,55.0920824807178,0,120723.898720514,5216.60183040633,1631.96240246453
"1772-062-249","C12","1772-062-249_C12",821.866941019762,3886.19570142298,192.194790697886,70.405181821382,0,0,909.021742709941,39.4609688434359,0.283891862182992,122848.525522446,2528.62481646391,771.33418955119
"1772-062-249","D01","1772-062-249_D01",2527.4642930409,7686.19396430471,569.984657094036,13.5125673017983,0,0,1902.81515913505,90.2885178801976,0,68474.9348018628,2375.14080709336,762.231637342348
"1772-062-249","D02","1772-062-249_D02",2854.70367832371,6676.7847417683,414.590307908944,26.1674356076651,0,0,1387.69181956899,67.0540537446418,0.817732362739534,78665.8532955432,2434.38924387559,806.284109661181
"1772-062-249","D03","1772-062-249_D03",1902.60290174152,8999.91811188818,800.223067362819,106.765512873537,0,0,2530.75727845379,108.320350439656,0.518279188706489,64063.9722368204,1103.41639275612,359.167477773597
"1772-062-249","D04","1772-062-249_D04",2645.11269294292,9314.76608916781,728.305491365373,59.1929562703331,0,0,1209.97366493769,66.1568334786076,1.74096930206862,62034.7984944097,4864.26822997972,1479.82390675833
"1772-062-249","D05","1772-062-249_D05",1208.72068384633,6385.23376056105,464.047880305743,68.3260682658762,0,0,1349.43984825106,65.885851542095,0.406702787296882,94685.6960189491,2604.52464984924,839.841255768062
"1772-062-249","D06","1772-062-249_D06",3131.78839718586,647229.812480072,42331.2901716673,5193.82224195524,0,0,19.3688150158973,4.46972654213015,0,127387.206450709,19.3688150158973,11.9192707790137
"1772-062-249","D07","1772-062-249_D07",1378.88640797085,9987.20893515187,752.95773338484,83.7510198389736,0,0,1758.37069403548,78.1409036775113,2.40433549776958,78467.492582625,1638.55464172997,513.726351356766
"1772-062-249","D08","1772-062-249_D08",911.622471859975,13929.8702602604,1174.4765230196,119.92280318158,0,0,2282.01938844948,110.510257583026,0.348612799946453,84424.6076014324,1246.63937260852,372.667083142758
"1772-062-249","D09","1772-062-249_D09",988.022395174291,6606.7497529944,534.745454230296,35.100795618034,0,0,1633.70369728381,66.7348459898424,2.60005893466919,92575.0983688964,4035.72480976235,1294.39600630948
"1772-062-249","D10","1772-062-249_D10",4678.93144014381,607877.101963729,36353.4484720231,2818.73620497417,0,0,28.4433522197192,5.68867044394384,0,157200.719047944,19.9103465538034,5.68867044394384
"1772-062-249","D11","1772-062-249_D11",571.261811481695,8154.70672683831,665.677369639771,84.8786330916041,0,0,1713.46753694287,77.8848880428577,1.27159000886298,121611.689472633,3255.58832019145,1069.72509495598
"1772-062-249","D12","1772-062-249_D12",514.845534737426,6781.74842123704,478.298753116628,55.4002800759709,0,0,1548.5973577257,68.4527020833986,0,114633.331360967,2816.42261538051,874.512274497656
"1772-062-249","E01","1772-062-249_E01",5390.33166740205,7323.56537347599,510.960401170039,34.2644033725791,0,0,1751.69248118764,101.590950350278,0.601129883729458,52225.5631685316,2809.07994666776,911.914033617588
"1772-062-249","E02","1772-062-249_E02",2488.09654767401,14015.6275850002,1237.76848272451,88.350164617145,0,0,2289.74176632767,98.7443016309267,0,56475.2441972565,2395.8485816767,754.8742006259
"1772-062-249","E03","1772-062-249_E03",3037.3929918594,13083.7666865491,858.165382708997,99.5522250132316,0,0,2666.06739307587,115.514185141935,0.420051582334311,51528.9877596969,1460.09930019406,412.490653852293
"1772-062-249","E04","1772-062-249_E04",3453.13357337585,10401.6820272734,1037.81390267035,54.2930421304398,0,0,2278.38589188093,99.9376350719599,2.40234699692211,52194.3517939286,2619.51916544387,789.891692587991
"1772-062-249","E05","1772-062-249_E05",2011.44300787636,8315.871600535,701.813048001189,57.5865656115322,0,0,1675.58329618071,96.2252935057215,7.80205082478823,75227.3740526081,3943.37940258582,1236.43929261406
"1772-062-249","E06","1772-062-249_E06",1776.23327465284,11637.4389057306,956.487381818795,128.304996091092,0,0,1880.28335367466,158.18424175614,0.703041074471735,73049.4828429856,3934.21785274383,1260.90416706506
"1772-062-249","E07","1772-062-249_E07",3703.30525165925,5905.78176685196,397.817148342645,47.2888140674764,0,0,1465.95323609177,63.8398989910932,0.591110175843455,60829.9659756983,4079.25132349568,1210.5936401274
"1772-062-249","E08","1772-062-249_E08",2091.55139203074,17206.6560745715,1513.45993361321,163.455172418964,0,0,2301.49381532115,151.833359701102,1.49958873778866,62659.5656141303,3289.72279352388,1066.58248975219
"1772-062-249","E09","1772-062-249_E09",1469.60456584442,10465.3038233462,687.725813542795,33.5675694705412,0,0,2558.09441001722,126.083065816179,1.22808180989785,81284.2788335188,2435.28622902743,784.334915921426
"1772-062-249","E10","1772-062-249_E10",1872.96549479167,12126.8717447917,804.443359375,73.2421875,0,0,2426.7578125,87.890625,0,62396.240234375,2305.50130208333,750.325520833333
"1772-062-249","E11","1772-062-249_E11",797.186833638768,6259.21686110271,502.470971606056,73.2595406570878,0,0,1674.06438898467,71.3022246853335,0,103189.698030884,3539.10689349908,1091.34346253669
"1772-062-249","E12","1772-062-249_E12",819.218075851792,11336.4177544062,826.288708054084,63.3918749171029,0,0,1742.30130060622,85.0914013310343,1.95051922821855,108754.612977975,2437.66140546613,751.437532671197
"1772-062-249","F01","1772-062-249_F01",2484.52650357297,13779.1808577174,1069.27007053582,140.89942364308,0,0,3069.25911169176,125.243932127182,0.391387287897444,62113.5539766123,5795.27157189745,1844.21690057276
"1772-062-249","F02","1772-062-249_F02",3486.71815401797,9355.99040602899,832.657314523522,70.8995337119039,0,0,2250.09837997314,101.677625865909,3.29765273078623,62504.2594681106,2052.78882491443,677.66763617657
"1772-062-249","F03","1772-062-249_F03",5463.71489951701,652581.780506757,34571.0237228224,7125.9884509317,0,0,6.09449514725824,3.04724757362912,0,122279.950634589,19.8071092285893,3.04724757362912
"1772-062-249","F04","1772-062-249_F04",2922.51297611163,14416.9605865048,1179.40148166402,20.4075346157993,0,0,2986.43091471961,147.85836400881,1.54019129175844,59528.0083786406,3677.20670907327,1095.46105626319
"1772-062-249","F05","1772-062-249_F05",1773.80116008338,7985.63042726337,595.552598989883,77.1398213176311,0,0,1963.33287160035,70.5041377634263,0.414730222137802,80807.6954022178,2130.88388134402,676.010262084617
"1772-062-249","F06","1772-062-249_F06",3939.19315055662,648169.862310369,37171.6905400389,1450.09488061001,0,0,12.1419427802274,1.7345632543182,0,131653.351002751,6.93825301727278,5.20368976295459
"1772-062-249","F07","1772-062-249_F07",2170.15494159725,17361.9244483348,1665.71463404277,130.133955784591,0,0,3014.31336530519,123.627257995362,1.02737333514151,69829.1957584549,2324.60339964686,752.037281323586
"1772-062-249","F08","1772-062-249_F08",2375.25141269993,12134.8529834307,960.261177714945,42.4746921625865,0,0,3110.23015453292,143.247981411076,0.832837101227185,68091.9285592334,2585.12636220918,807.85198819037
"1772-062-249","F09","1772-062-249_F09",1601.58194431257,10651.4370718205,1007.41770177846,131.63687213528,0,0,3357.81923020484,151.418369314078,1.79831792534535,76847.5199037828,2086.0487934006,685.518793141647
"1772-062-249","F10","1772-062-249_F10",2529.04363953892,8399.29946770965,704.371632576917,102.382459522012,0,0,2005.31798121479,69.8957175582965,0.492223363086595,58798.5418375092,2387.28331096998,793.956284658678
"1772-062-249","F11","1772-062-249_F11",799.589885988084,5488.69620495547,442.561137724254,48.5603243388208,0,0,1215.66357407298,53.2508102124569,0.2759109337433,118886.158596916,1841.70548273653,590.173487276919
"1772-062-249","F12","1772-062-249_F12",847.791951910722,8418.29826452,651.097532571593,138.187580725507,0,0,1814.82641299587,84.1384060062563,0.557207986796399,119760.991206144,1612.28130979538,512.909951846086
"1772-062-249","G01","1772-062-249_G01",2274.99329938354,11357.8129187885,820.691503618333,108.818011257036,0,0,2894.13025998392,137.228625033503,2.14419726614849,64305.5481104262,3337.97909407665,1073.70678102385
"1772-062-249","G02","1772-062-249_G02",2176.90626671102,11559.4985957481,690.967733785838,59.7912359522175,0,0,2638.39355265208,106.529455605007,0,63793.8802406808,2837.97838252075,902.763449870101
"1772-062-249","G03","1772-062-249_G03",3250.16908394078,13234.6611831094,894.095383837625,56.7882932427909,0,0,3426.0846990989,133.217650313915,0,55672.1684417634,1371.03165114738,407.338584613703
"1772-062-249","G04","1772-062-249_G04",4113.00180994288,8877.09851923859,824.720205846933,52.9960964589523,0,0,2193.02894394426,107.506367102446,0,55467.228728124,4342.14683653682,1338.52997913468
"1772-062-249","G05","1772-062-249_G05",2618.50522104638,9903.30567825711,790.620155905027,134.098118316047,0,0,3317.33202215173,119.730462782185,0.399101542607282,76197.2647176676,1535.74273595282,510.849974537322
"1772-062-249","G06","1772-062-249_G06",2099.80365024207,18325.057196788,1632.22206501972,202.216095158891,0,0,3787.58337963139,161.496813198569,1.72539330340351,75798.5982904803,1163.60524381533,380.276684070134
"1772-062-249","G07","1772-062-249_G07",3267.13622293777,11034.9283650791,803.656771809536,172.657158063178,0,0,2772.3043678701,103.238300697571,0.444992675420563,70763.6252307287,1578.38901971674,467.242309191591
"1772-062-249","G08","1772-062-249_G08",3084.81952185563,7657.59831368158,685.810573913487,36.1232525376585,0,0,2254.51593779151,122.712813767634,4.24979441619512,65278.9671299651,4365.07008973441,1354.62197016219
"1772-062-249","G09","1772-062-249_G09",1974.10870656193,10785.0517382057,812.516856310832,91.749539972074,0,0,2687.6214081122,147.2260060017,9.38832502039827,73543.4440472899,4576.80844744416,1447.93576337324
"1772-062-249","G10","1772-062-249_G10",2787.54901637724,469010.528223548,23781.1810063598,2311.80182555113,0,0,1242.91527992882,181.237025076614,1.02975582429894,127340.634988632,4.11902329719577,3.08926747289683
"1772-062-249","G11","1772-062-249_G11",939.420928467723,15075.4931331247,1334.70189729836,138.54949988911,0,0,2717.17948421366,143.578519848787,3.52031397177412,112262.561108879,5469.56210814505,1733.0002781048
"1772-062-249","G12","1772-062-249_G12",966.267938986916,10257.9952744814,926.946442965905,61.0061445620106,0,0,2201.13639123501,91.6537811666225,0.867385941639961,114709.477752707,1670.58532359856,537.201026522349
"1772-062-249","H01","1772-062-249_H01",2900.03027993472,14275.6299023261,1226.19673707923,175.304885194049,0,0,4415.90193425973,220.771660231009,0,50317.6580767273,4497.92962118208,1409.00129650618
"1772-062-249","H02","1772-062-249_H02",2451.19802990825,19782.9482538015,1610.59397894092,286.262043513522,0,0,5786.12969488779,305.712640266287,2.95987341889905,56799.9709086727,2094.74470246084,670.622748910555
"1772-062-249","H03","1772-062-249_H03",5523.04107434389,9157.54559211059,604.756088342133,157.157009799436,0,0,2941.55483320801,158.483229291414,4.64176822192426,52125.7309127175,4527.71334561413,1354.7332110559
"1772-062-249","H04","1772-062-249_H04",3971.92604232098,12180.8043719918,1224.07448872227,32.6948264895466,0,0,3760.40042245679,155.548113904812,0,52950.7576282975,2434.27844499442,763.870037073952
"1772-062-249","H05","1772-062-249_H05",2987.33525108524,12523.6080199785,924.913926107449,109.384193454767,0,0,3708.47701035357,112.471650528087,0,57847.0367910206,1988.7634205143,605.582651666918
"1772-062-249","H06","1772-062-249_H06",3523.75611255998,13697.6505909021,1234.00416987171,107.771059537637,0,0,3834.30020828928,93.9804500233419,0,54249.1932493434,3064.5798920655,943.379843440829
"1772-062-249","H07","1772-062-249_H07",3603.87050441999,13194.3474359924,1174.7267799267,126.097966400752,0,0,2487.27066811296,114.847590216298,1.40629702305671,55704.8313802993,2029.28660427083,618.301924470599
"1772-062-249","H08","1772-062-249_H08",3204.3623295069,14668.3807575772,1445.66682278275,195.941618955679,0,0,3886.8126511379,195.463712567982,0,55902.6217944429,2265.75418407042,680.538696080212
"1772-062-249","H09","1772-062-249_H09",2782.058429804,11108.5028083663,1009.81789887048,126.480197754319,0,0,2567.04209362165,141.15190069382,1.51776237305183,59096.6075987279,3020.34712237313,908.633740667026
"1772-062-249","H10","1772-062-249_H10",7247.8381517811,417555.336861125,24824.9548270521,2226.38100154879,0,0,1056.7243159525,8.0665978316985,0,172080.698244708,221.831440371709,48.399586990191
"1772-062-249","H11","1772-062-249_H11",1246.94767891855,9556.30927200783,836.568173389623,84.6448899846981,0,0,1905.00406097857,82.3393871446479,0.988072645735775,92376.2290800319,2050.90945499889,639.941716888203
"1772-062-249","H12","1772-062-249_H12",4741.41771571859,607820.05099941,43169.1763298245,1567.7439337432,0,0,25.4572763260059,6.36431908150147,0,155747.616562504,16.9715175506706,12.7286381630029
"1772-064-103","A01","1772-064-103_A01",2005.28862873847,9153.7078701812,343.466829976061,6.33702638332216,1.52088633199732,0,121.670906559786,38.2756393552659,1.52088633199732,151873.427783754,1344.71699854096,460.068115429189
"1772-064-103","A02","1772-064-103_A02",1830.72185753637,16819.4439295087,1363.52204030795,62.1263027735386,0,0,300.360633167229,137.028579101313,20.0407428301737,168597.258225973,1270.08207686226,448.411620825138
"1772-064-103","A03","1772-064-103_A03",1918.35454767179,6066.12086896058,318.379189867614,11.1091866409001,0,0,56.0508962336323,21.4609287381024,1.00992605826364,147150.013911731,288.586371148836,114.121644583792
"1772-064-103","A04","1772-064-103_A04",2883.09698294436,3605.82224758735,194.423275418044,19.3405352510096,4.41099926777412,0.339307635982625,23.0729192468185,19.001227615027,0,134241.63725435,436.688927509638,140.473361296807
"1772-064-103","A05","1772-064-103_A05",2362.76726222529,12682.8355230689,1034.81730219026,7.86933309650388,0,0,426.068177653567,96.3993304321725,9.274571149451,155378.014657195,1340.31605490096,508.134079945679
"1772-064-103","A06","1772-064-103_A06",2282.72999308458,6957.50380990851,457.422847525912,44.7192943587633,0.876848908995359,0,50.2726707824006,9.64533799894895,0,133487.385943878,376.752747898339,128.312223682988
"1772-064-103","A07","1772-064-103_A07",2104.09307797754,8237.24298865641,597.45852831461,26.2470458544009,0,0,184.27049718399,28.6823387687267,0,144126.317019937,973.575989527158,333.093953059458
"1772-064-103","A08","1772-064-103_A08",1934.44991867936,5982.04702027515,259.571899632199,22.0026581589722,0,0,98.7146284970103,22.4486579865189,0,134754.38789497,568.203780294538,202.929921533764
"1772-064-103","A10","1772-064-103_A10",2275.94209489669,3974.37140726522,287.58598319294,0,12.3728853234172,0,70.2244842680435,69.5556796559669,0,128232.24908959,1522.53369939239,480.536113777041
"1772-064-103","A11","1772-064-103_A11",1812.19855104226,11849.6727799996,539.882959554269,1.43053248424555,0,0,448.901093556252,70.3821982248809,2.00274547794376,170905.715892815,841.43920723323,308.42280360334
"1772-064-103","A12","1772-064-103_A12",1848.60667076591,2674.12138829724,251.599890012304,4.55247086873891,0,0,145.679067799645,18.8168795907875,1.21399223166371,148973.84271638,138.698612467579,52.8086620773714
"1772-064-103","B01","1772-064-103_B01",2483.26839296933,3537.75045792543,124.178167649375,6.78408041789935,0,0,67.8408041789935,33.9204020894968,0,132010.535971849,1038.55422397494,363.685702403039
"1772-064-103","B02","1772-064-103_B02",1763.63609510699,7288.55846812698,567.592384636657,35.9042289070294,75.3734167126292,0,111.277645619659,23.4268727620334,0,138659.330999813,397.747557111915,137.505557516283
"1772-064-103","B03","1772-064-103_B03",2211.0077936809,9159.0850691583,597.348326247393,85.7376560809241,0,0,93.6715884346812,58.3527927953752,0.511866603468203,146189.357883821,1430.66715669363,510.842870261267
"1772-064-103","B04","1772-064-103_B04",1958.98011920545,10940.9213824917,550.368645171386,0,0,0,72.6143636034302,34.0296095115706,0.267949681193469,146333.483742421,698.544818871375,260.447090120052
"1772-064-103","B05","1772-064-103_B05",2077.69692446435,4261.18063607568,285.985277588972,13.8827804654841,0,0,196.580171391255,19.7135482609874,0.555311218619363,137062.19263524,1037.59901199028,346.514200418483
"1772-064-103","B06","1772-064-103_B06",2487.56826986128,3693.92123994018,300.366000402118,0.611121058803902,0,0,44.6118372926848,18.944752822921,0,133285.197364602,933.792977852362,330.922053342313
"1772-064-103","B07","1772-064-103_B07",1334.24362423232,6203.83036591581,377.33134169466,0,0,0,105.904329902301,25.9100854630334,0,145653.1680991,552.413084240983,186.904791252755
"1772-064-103","B08","1772-064-103_B08",2496.35490525607,6644.05899489544,479.49759038551,76.1831934739251,0.570660625272847,0,89.1657226988824,44.0835333023274,0.142665156318212,139500.557820761,1624.6708001518,590.34841684476
"1772-064-103","B10","1772-064-103_B10",2230.56514802698,5101.99573892322,308.284361242376,0,0,0,44.1758552445575,13.8838402197181,0.315541823175411,128140.587766065,565.766488953512,188.062926612545
"1772-064-103","B11","1772-064-103_B11",1626.07358000694,13457.6338393648,1196.66523609415,34.7785270276473,0,0,91.0866184057429,92.506150121157,3.54882928853544,183288.042385324,1474.89345231533,603.064390431788
"1772-064-103","B12","1772-064-103_B12",1440.16291892869,3127.30965762566,123.093120078269,0,0,0,113.52216473741,17.280891587662,0,157142.059563245,372.203818811181,129.739616842755
"1772-064-103","C01","1772-064-103_C01",2889.6355347671,7277.0733965317,276.521408134527,109.132376518298,0,0,120.203777034647,101.224233292334,18.1887294197163,141920.065542691,1106.08563253811,389.344251491608
"1772-064-103","C02","1772-064-103_C02",1754.67675222819,6009.648587494,226.523319094007,26.3691225109432,0,0,20.3418945084419,26.8713915111516,0.251134500104221,142735.809017235,1360.64672156467,493.730427204898
"1772-064-103","C03","1772-064-103_C03",1992.57195385533,7057.21361852776,401.458259736609,0,0.949635150175303,0,101.13614349367,31.8127775308726,1.42445272526295,144551.563289384,437.069577868183,146.243813126997
"1772-064-103","C04","1772-064-103_C04",2158.312540763,9927.2170938742,676.993778266799,0,0,0,26.486834828098,135.83615292575,9.47694090179654,153990.569714807,605.795222260994,223.801604373195
"1772-064-103","C05","1772-064-103_C05",1995.16501635124,7499.33916488672,277.246915343224,5.31706412987005,0,0,123.052055576993,18.4831276895483,0.506387059987624,142136.771093806,561.330055996281,207.618694594926
"1772-064-103","C06","1772-064-103_C06",2593.23437273263,3317.65556134106,206.571006649538,1.42266533505191,0,0,65.1580723453776,15.0802525515503,3.12986373711421,129930.602384956,1076.38859250028,351.967403891843
"1772-064-103","C07","1772-064-103_C07",2096.74769208382,9310.6872697083,550.989540594702,0,0,0,182.137338298905,92.514203580396,0.481844810314563,168769.758648753,578.69561718779,225.744293632373
"1772-064-103","C08","1772-064-103_C08",2614.03428497603,10227.2207314021,553.24829826691,8.61296304769698,0,0,146.285794263228,63.3860249291449,1.48035302382292,162815.281549687,1779.51891218277,671.407385077503
"1772-064-103","C10","1772-064-103_C10",1411.89984720312,10636.6573012278,226.688667092434,0,64.5735746405132,0,58.3069408146406,33.7853301916609,14.4405040335325,154954.237225331,1290.6541057895,475.174321405295
"1772-064-103","C11","1772-064-103_C11",1395.28986953347,2591.25261484788,99.7809514641974,2.34778709327523,0,0,56.5816689479331,10.330263210411,0.70433612798257,165651.874825383,493.739625715782,158.475628796078
"1772-064-103","C12","1772-064-103_C12",1497.84106284949,3208.48750866181,163.58509030476,30.8833208834946,3.37786322163222,0,36.4326676047475,26.2990779398509,0.482551888804603,150183.417972935,973.065883774482,352.021602882958
"1772-064-103","D01","1772-064-103_D01",1607.86821689072,4046.34277037954,237.789695056566,0,0,0,40.3850686154371,18.0828665442256,0.301381109070426,138306.5033824,1159.41312659393,414.097643862765
"1772-064-103","D02","1772-064-103_D02",1745.67444669876,7804.12251802522,477.401712535423,0.587571338505136,2.05649968476798,0,103.412555576904,46.1243500726532,3.52542803103082,151702.987388956,1139.88839669996,374.870513966277
"1772-064-103","D03","1772-064-103_D03",1653.92034938945,3582.35165473638,59.4066515865167,2.9376915619706,0,0,43.4125530824545,15.9940985040622,0,147840.959907038,705.045974872945,249.703782767501
"1772-064-103","D04","1772-064-103_D04",3776.169224629,102669.533035811,4567.14197598055,16.3274191792751,0,0,58.0530459707558,52.6105729109974,19.9557345524473,252362.940386778,121.54856500127,52.6105729109974
"1772-064-103","D05","1772-064-103_D05",1912.31397404178,7655.70226048211,425.782363005089,87.0259182523648,0,0,56.7280059719119,48.3477323624249,9.66954647248498,154720.479196938,1785.64291525223,604.99129096181
"1772-064-103","D06","1772-064-103_D06",2348.38367879221,2898.15546276442,171.632246172366,18.0253043925316,0,0,33.6994821251677,15.6741777326361,0,134419.788962871,1588.57791320267,519.207137393572
"1772-064-103","D07","1772-064-103_D07",2032.71108262467,5583.08821004681,353.091987043756,32.3333829302629,0,0,241.49889551453,30.9027022696318,2.00295292488354,154056.551945153,1821.25648098339,665.552643325589
"1772-064-103","D08","1772-064-103_D08",2039.31272841813,21295.4732758881,874.299373913194,0,0,0,99.7812363812096,135.918224692242,0.179786011497675,188656.833090982,118.838553599963,56.0932355872746
"1772-064-103","D10","1772-064-103_D10",1929.74922816402,6102.69655218987,153.538977876371,0,0,0,73.2654873683929,36.9512892814503,0.318545597253882,142423.329260197,1560.23633534951,545.350062498646
"1772-064-103","D11","1772-064-103_D11",993.977948235568,6998.52061601851,235.968748686818,179.131527256545,0,0,63.0327479368897,26.6677010502226,14.2766480369878,187543.974769661,1143.7480672651,431.531889721783
"1772-064-103","D12","1772-064-103_D12",977.241151724731,5040.11292071424,289.511850851481,7.48737545305554,0,0,46.0334935261933,11.6470284825308,1.3865510098251,162530.122820688,699.376329355781,269.268206108035
"1772-064-103","E01","1772-064-103_E01",2079.54749357755,6133.12118852959,469.253672700183,18.2352463484527,0,0,12.3999675169478,11.4274210450304,2.18822956181432,137305.326588399,1787.54041538432,624.131698353041
"1772-064-103","E02","1772-064-103_E02",2169.82810297378,10786.8535673728,512.74615178781,2.24233010985923,7.47443369953076,0,161.696915699849,29.6485870081387,0,150022.348556762,1276.88242366984,477.118017820047
"1772-064-103","E03","1772-064-103_E03",2957.40785129485,20011.5323820236,1206.59781879298,86.8839827841204,0,0,323.510135254056,126.275113242516,1.95558803694162,170878.723928519,530.523097450304,214.555944624452
"1772-064-103","E04","1772-064-103_E04",3574.18369892132,6223.5705146049,407.709264230905,55.8466202956456,0,0,43.693469764987,26.3318261497604,0.578721453840887,137186.499354436,497.411089576243,168.118582340778
"1772-064-103","E05","1772-064-103_E05",2628.4707084525,10988.9807056251,299.554168598015,60.3517598187353,0,0,60.3517598187353,78.2643825959855,1.92905168370387,153949.071933235,1632.25330322543,584.778238974229
"1772-064-103","E06","1772-064-103_E06",2495.50511673178,5885.39061549484,266.583753531694,3.78516485744799,0,0,59.2107931272221,16.7628729401268,0,141655.739256215,465.034539629324,176.821272626499
"1772-064-103","E07","1772-064-103_E07",2928.8677788493,2720.67151556665,363.817712605037,47.4675463184111,7.51068770860935,0,50.1713938935105,14.42052040053,3.90555760847686,136217.437413439,979.994532219348,365.019422638414
"1772-064-103","E08","1772-064-103_E08",3379.73750004415,10088.16245857,505.363304523772,11.3979652545069,0,0,266.969242510493,95.518159527206,2.08695138462803,165087.486607391,370.193068688634,138.862534438711
"1772-064-103","E10","1772-064-103_E10",2117.47700741668,5347.67606347583,81.2507436508741,35.8054124563174,0.55085249932796,0,8.2627874899194,17.3518537288307,0.82627874899194,136297.433908717,2025.76006627857,705.917477888781
"1772-064-103","E11","1772-064-103_E11",2050.14435463221,3526.17249904855,274.200717090365,3.51886408901752,0,0,70.3772817803503,24.3613667701213,1.89477297100943,141734.702550419,745.457823165711,288.005491593434
"1772-064-103","E12","1772-064-103_E12",1408.60588569251,5546.17845197707,368.793067302439,38.7666294813076,0,0,34.68593164117,17.5980094355936,0,148190.542064598,643.985127896722,226.988817357656
"1772-064-103","F01","1772-064-103_F01",1869.68984287402,8899.94661704267,527.612281081637,0.85755754747117,0,0,120.915614193435,23.797221942325,0.85755754747117,145394.165607226,2302.75640434696,810.606271747124
"1772-064-103","F02","1772-064-103_F02",2722.34164647587,7019.05297578926,567.86612136338,42.981345526752,2.27715737890077,0,55.5057111107063,34.1573606835116,5.97753811961452,143569.933780263,728.690361248247,252.479824385623
"1772-064-103","F03","1772-064-103_F03",2060.31489343646,6726.19735176459,845.106280660149,0.471467939001478,0,0,56.5761526801774,18.1515156515569,6.12908320701921,143011.077139227,1287.34320744354,441.293990905383
"1772-064-103","F04","1772-064-103_F04",2878.37099156686,5193.50147657252,451.222684554375,56.1521563001,0,22.6327568760607,65.6063458812393,28.6490593367857,6.016302460725,136515.632645718,1317.57023889878,434.60623013904
"1772-064-103","F05","1772-064-103_F05",2594.89687186732,3635.39135045646,137.21115923989,3.94446864344652,0,0,71.5639311025297,18.0318566557555,0,140009.759742415,768.607889951579,263.715903590424
"1772-064-103","F06","1772-064-103_F06",2814.48954145819,9182.62210698207,298.914521646104,273.316132638053,41.064082367083,0,67.729070917137,23.1985400385469,0,152767.985801427,782.617413944083,287.448576569581
"1772-064-103","F07","1772-064-103_F07",2767.43561572249,13387.6294832529,539.458314431402,0.482089646498125,7.47238952072094,0,91.5970328346437,125.102263266263,4.57985164173219,161488.943515002,2526.87288211992,1011.66512317632
"1772-064-103","F08","1772-064-103_F08",1873.85607623253,469860.937605919,18564.2485691874,1363.02451023116,58.1040643793033,0,0,0,0,228022.137648528,21.7890241422387,19.3680214597678
"1772-064-103","F10","1772-064-103_F10",2705.58190534313,4276.49309747286,185.823807211618,2.54553160563861,0,0,85.2753087888933,20.046061394404,0,117723.83654887,674.565875494231,225.915930000426
"1772-064-103","F11","1772-064-103_F11",2236.44501856473,15625.3704112062,766.429707862133,25.4954732116379,0,0,232.142992927019,50.09636841585,6.70933505569419,179445.86259908,1004.38745783742,389.141433230263
"1772-064-103","F12","1772-064-103_F12",1995.8061460185,9986.5301228836,711.474651568534,172.96986598827,0,31.4490665433218,56.3664038814922,177.566268021525,1.20957948243545,154792.063610333,1320.13504713005,495.201840109075
"1772-064-103","G01","1772-064-103_G01",2621.63432102633,5756.14757016133,357.107260326636,6.83458871438539,0,0,143.526363002093,125.870342156598,1.13909811906423,139215.730945024,1451.21100368783,512.594153578904
"1772-064-103","G02","1772-064-103_G02",2573.1311736821,5481.4291771669,281.798183237436,39.0001647976888,2.93234321787134,0,77.4138609518034,45.7445541987929,1.17293728714854,137051.564082549,1534.20197159029,556.558742751981
"1772-064-103","G03","1772-064-103_G03",2264.04154527455,10014.9619712823,485.56847413024,0.224384692296784,0,0,60.5838669201316,33.4333191522208,0.224384692296784,142366.028875617,1485.20227831241,521.470024897725
"1772-064-103","G04","1772-064-103_G04",2424.22412580102,10083.70138663,595.303539293167,23.0715725754768,0,0,133.01758509565,59.8151881586436,1.1393369173075,143976.012400543,1962.22300583284,632.33198910566
"1772-064-103","G05","1772-064-103_G05",2385.96301166676,5670.29973066076,294.463736012973,11.5249994525625,0,0,68.573746742747,21.8974989598688,0,133046.610555286,1484.70805447637,538.505599420984
"1772-064-103","G06","1772-064-103_G06",2235.89570777709,4787.97343446998,344.003956435526,0.260018107661018,0,0,127.408872753899,52.7836758551866,0.260018107661018,124575.715452824,1479.24301448353,484.413734572476
"1772-064-103","G07","1772-064-103_G07",2253.54341149146,4391.20622234256,342.349178334116,67.4113109494354,0,0,71.5896979917558,8.91389235695013,0.557118272309383,126234.086612949,771.887366284651,265.745415891576
"1772-064-103","G08","1772-064-103_G08",2862.83997191947,20223.2761363763,1177.14135725049,121.026103256624,0,0,397.281338951091,105.240089788368,6.80965286865913,169025.643914585,822.575113566438,308.910616496446
"1772-064-103","G10","1772-064-103_G10",1839.10614785249,6574.80447857267,420.20083504731,0,4.65596493127214,0,127.457039993575,21.2428399989291,0,135755.715487951,863.390496942777,316.023619710096
"1772-064-103","G11","1772-064-103_G11",1790.67584675088,3801.75452045939,143.740974102797,10.3597098452467,0,0,78.7337948238746,10.877695337509,0,140193.291466293,918.129285034985,312.604244580318
"1772-064-103","G12","1772-064-103_G12",1368.48705259194,6150.14181282496,383.265818323952,9.16796881638392,0,0,47.181498055049,21.9136815611128,0,140729.439376471,1033.0735593096,371.190932565788
"1772-064-103","H01","1772-064-103_H01",3263.97022034046,3561.56841689539,162.129017498154,12.089926735044,0.309998121411384,0,13.0199210992781,7.43995491387322,0.309998121411384,155621.226935365,879.154672322686,303.488160861745
"1772-064-103","H02","1772-064-103_H02",2250.39054595058,11057.8843170237,354.676754298147,61.8342115040543,0,0,136.249409764345,34.530793437329,0.26768056928162,150157.824463648,1554.68874638765,557.310945244333
"1772-064-103","H03","1772-064-103_H03",5621.98170165885,138164.519224315,8162.97922581511,623.896827997963,0,0,66.1409611959865,65.1537826706733,0,250447.191871967,4.93589262656616,1.97435705062646
"1772-064-103","H04","1772-064-103_H04",2256.17748950912,12680.8240341156,696.909340074734,17.023739604879,3.19195117591481,0,56.6571333724879,34.047479209758,2.12796745060988,158458.564217802,1539.85044644757,557.527472059787
"1772-064-103","H05","1772-064-103_H05",2249.80462055691,5768.54228812379,258.174300719645,4.13333240068397,0,0,54.3692185013045,13.6717917868778,0,134649.343976558,1321.07662498784,488.687069219328
"1772-064-103","H06","1772-064-103_H06",2741.27222401529,9484.85033816291,696.974669724232,0,0,0,155.623362397157,41.7821478809487,1.51384593771553,136783.2469331,947.970326197467,324.265799858667
"1772-064-103","H07","1772-064-103_H07",2359.53291154228,7040.20613601648,398.286576423545,7.03375852403611,0,0,101.696425326689,57.4423612796282,3.22380599018322,135508.288698274,1861.89449596673,625.711435367379
"1772-064-103","H08","1772-064-103_H08",2788.72816738934,19362.4424388124,895.031527743476,1.40679073518884,5.62716294075535,0,754.977694551343,52.3638773653623,0.468930245062946,173477.461649321,1540.1232348684,541.77074312939
"1772-064-103","H10","1772-064-103_H10",2706.70583523513,10144.1361982994,579.872813930108,11.0723123227244,0,0,209.108527009166,55.3615616136219,2.84716602584341,141984.689839224,1991.11810740649,639.979652253469
"1772-064-103","H11","1772-064-103_H11",2085.42434690635,4726.70464966236,276.889272187793,13.0580149799174,0,39.7675910752029,122.270503902863,13.6515611153682,0,135565.640563893,469.198220073849,160.257456571713
"1772-064-103","H12","1772-064-103_H12",1391.85364123634,500705.964226685,17254.3010284995,3124.97908873736,6.69160404440548,0,0,0,0,232854.437537222,23.4206141554192,6.69160404440548
"1772-067-038","A01","1772-067-038_A01",6409.1642295273,178.869928481304,0,0,0,0,33.9589389588072,4.39124210674231,0,82284.2655940326,804.182804481409,253.813793769706
"1772-067-038","A02","1772-067-038_A02",6189.68302947581,192.456964242483,0,0,0,0,24.9642517720265,6.67648593903033,0.290281997349145,84057.2482543892,730.059223333099,248.481389730868
"1772-067-038","A03","1772-067-038_A03",7001.8576429141,135.364770947257,0,0,0,0,127.589248856291,23.679999095212,0,71970.5859067955,3724.12164874998,1247.9712955999
"1772-067-038","A04","1772-067-038_A04",9050.12575838301,442.089668686997,0,0,0,0,47.4345138076178,26.183851621805,0,86481.4671457173,2368.31040538674,818.529970264252
"1772-067-038","A05","1772-067-038_A05",58361.6642383034,127731.908693541,107.927257028763,215.854514057525,0,0,0,0,0,160784.631158599,53.9636285143813,0
"1772-067-038","A06","1772-067-038_A06",79713.7994074261,198890.49990544,378.238668599887,31.5198890499905,0,0,0,0,0,147796.759755406,31.5198890499905,31.5198890499905
"1772-067-038","A07","1772-067-038_A07",8588.70447890468,324.444757848821,1.78070668413184,0,0,0,70.8721260284471,7.83510941018009,0,92838.9236838975,186.618060497017,64.4615819655725
"1772-067-038","A08","1772-067-038_A08",5485.9444113599,157.367708570564,8.48724720380568,0,0,0,33.5953535150642,8.48724720380568,0,79499.6909227477,1605.15062741975,510.295738128817
"1772-067-038","A09","1772-067-038_A09",7255.82291106748,188.635586229099,0,18.6839056836441,0,0,85.514799090525,3.59305878531617,3.59305878531617,93601.3371927575,3127.75767261773,1064.62331808918
"1772-067-038","A10","1772-067-038_A10",6146.46176712742,233.362525499445,0,1.12373607784644,0,0,69.6716368264794,7.8661525449251,2.99662954092385,79164.2100547409,1279.18623528187,429.267181737341
"1772-067-038","A11","1772-067-038_A11",9996.47290011589,300.30736156133,0.335914274677102,0,0,0,27.8808847981995,19.4830279312719,0,90025.3615277381,453.484270814088,157.879709098238
"1772-067-038","A12","1772-067-038_A12",7623.99607474144,248.371067481147,0,0.276582480491255,0,0,120.313379013696,19.0841911538966,0,89507.0691716189,764.750558558319,264.966016310622
"1772-067-038","B01","1772-067-038_B01",7475.97065890983,113.507019097003,0,0.632351081320349,0,0,29.0881497407361,6.63968635386367,3.79410648792209,79606.9938029594,561.21158467181,210.889085620336
"1772-067-038","B02","1772-067-038_B02",6952.03780481014,185.088158913846,0.316390015237343,0,0,0,18.0342308685286,3.48029016761077,4.4294602133228,77343.7539548752,794.455328260969,282.21989359171
"1772-067-038","B03","1772-067-038_B03",7104.4034223596,95.8222118297643,0,0,0,0,29.2287878851797,4.51991565234737,0,78230.3987831182,707.818791157599,239.254201864254
"1772-067-038","B04","1772-067-038_B04",7227.46144721234,161.921708185053,29.9525504151839,0,0,0,83.3333333333333,5.33807829181495,0,87815.5397390273,384.045077105575,132.562277580071
"1772-067-038","B05","1772-067-038_B05",7519.83707288383,110.922514174865,0,0,0,0,56.7510537638847,7.09388172048558,0,83158.6733667305,233.130749268685,85.126580645827
"1772-067-038","B06","1772-067-038_B06",7536.34971124765,167.666789985644,0.641173193061737,0,0,0,5.44997214102476,2.88527936877782,0,78454.2724896306,540.509001751044,203.572488797101
"1772-067-038","B07","1772-067-038_B07",5615.79059614305,263.764925638392,2.2062122032951,0,0,0,19.3656404511459,18.1399670048708,0,84465.5696072207,1095.99719565915,389.028751847703
"1772-067-038","B08","1772-067-038_B08",80048.4094052559,160788.381742739,0,172.890733056708,0,0,0,0,0,145401.106500692,230.520977408944,0
"1772-067-038","B09","1772-067-038_B09",5751.72712476512,76.4894486472893,0.349266888800408,0,0,0,38.7686246568453,6.63607088720775,1.39706755520163,85403.0889163645,1692.89661001558,598.643447403899
"1772-067-038","B10","1772-067-038_B10",78192.0158363576,185499.835037941,41.2405146816232,0,0,0,0,0,0,146156.384031673,123.72154404487,41.2405146816232
"1772-067-038","B11","1772-067-038_B11",8746.35753883755,186.613545918059,0.317910640405552,0,0,0,21.300012907172,27.0224044344719,0.635821280811104,80865.3400467583,811.94377559578,302.015108385275
"1772-067-038","B12","1772-067-038_B12",6875.11461580781,169.762385056718,0,0,0,0,34.0572686070577,4.45364281784601,2.09583191428047,81322.469937911,520.552251709413,178.14571271384
"1772-067-038","C01","1772-067-038_C01",5581.80668423184,144.339003332633,0,0,0,0,34.5784908165291,4.19133222018535,1.30979131880792,78315.8284089546,998.846859722922,331.901120185928
"1772-067-038","C02","1772-067-038_C02",6001.08282607486,123.125083278096,0,0,0,0,40.4794794338945,11.8065148348859,0,81314.2787428198,1402.4452978868,510.49121286078
"1772-067-038","C03","1772-067-038_C03",7006.62898953487,166.22264028961,0.510668633762244,0,0,0,45.4495084048397,7.66002950643366,0,90818.8418341787,430.238323944691,170.307989359708
"1772-067-038","C04","1772-067-038_C04",6701.08446959807,515.986311483924,0.280732487205617,0,0,0,87.3078035209468,17.1246817195426,0,94971.519689173,1408.71562079779,484.8250054041
"1772-067-038","C05","1772-067-038_C05",5116.79694739049,610.896592650203,18.73449973316,0,0,0,181.522112279401,11.8989390197097,1.51901349187783,88217.9743853818,1768.89121129174,639.757848995881
"1772-067-038","C06","1772-067-038_C06",6052.88559402722,1047.99364374782,115.568221365675,0,0,0,26.2655048558352,4.59646334977116,0,124497.836379038,683.888082683809,275.131163364874
"1772-067-038","C07","1772-067-038_C07",4425.14019117669,216.08057383402,0,0,0,0,64.3492697901311,3.32431652052338,0,91381.8993814872,1131.92977523821,396.780921842469
"1772-067-038","C08","1772-067-038_C08",73882.3025282102,220932.723896586,142.836737608913,0,0,0,0,0,0,155013.569490073,249.964290815598,107.127553206685
"1772-067-038","C09","1772-067-038_C09",5672.71568967294,232.752321082266,0,0,0,0,57.0901919635747,9.66141710152803,1.17108086079128,99357.1351614686,1414.08013940547,462.869710227752
"1772-067-038","C10","1772-067-038_C10",25827.265761341,1078.49193409554,0,0,0,0,180.592546084855,99.5790674673499,0.843890402265677,125859.502374708,113.925204305866,138.398025971571
"1772-067-038","C11","1772-067-038_C11",6495.3003353724,419.215503377914,0,0,0,0,43.5422911760095,7.98275338226842,3.14472102937847,86254.6179018808,2269.03717350539,808.435206167911
"1772-067-038","C12","1772-067-038_C12",6963.01906087275,82.605958723551,0,0,0,0,45.5237217783073,7.83852163070192,8.14000323188277,71332.6572105957,1562.27765731913,514.026130013338
"1772-067-038","D01","1772-067-038_D01",4663.31867348152,282.895518839891,0,0,0,0,50.2198977772495,10.6977297040295,0.297159158445263,89531.3800071318,2927.61202900273,1082.84797337454
"1772-067-038","D02","1772-067-038_D02",5569.00407476268,216.632074856953,2.42627923839788,0,0,0,28.7687395410034,8.66528299427814,0,79539.6724384384,640.884330256811,223.910912572147
"1772-067-038","D03","1772-067-038_D03",5166.46473160196,75.725649265132,0.329241953326661,0,1.6462097666333,0,37.2043407259127,3.29241953326661,0,87549.0570510457,916.609598061423,330.888163093294
"1772-067-038","D04","1772-067-038_D04",5276.22594661701,79.7607843922495,0.333727131348324,0,1.3349085253933,0,33.7064402661808,5.67336123292151,0.333727131348324,92284.5624503581,1095.62617221655,446.19317461271
"1772-067-038","D05","1772-067-038_D05",4265.6991426454,170.597860201075,0.250879206178051,0,0,0,28.6002295042978,4.26494650502687,0,95972.5859273825,1034.12408786593,382.33991021535
"1772-067-038","D06","1772-067-038_D06",5125.99809808611,1572.48051869303,1.47893770862265,0,0,0,106.853249447986,18.8564557849388,0,125165.825890579,176.363321753251,49.9141476660145
"1772-067-038","D07","1772-067-038_D07",4304.65932025283,336.285514079205,6.65405126792947,0,0,0,90.5974672633474,12.7962524383259,0.255925048766518,95233.0376716553,375.442046540482,141.270626919118
"1772-067-038","D08","1772-067-038_D08",3626.13906413803,192.146294015688,0,0,0,0,37.0852303216808,8.71129571314649,0.746682489698271,96470.1331982004,1405.25644561215,523.175531115255
"1772-067-038","D09","1772-067-038_D09",4667.26928995845,239.431242562872,0,0,0,0,28.5349563054382,4.59183204915097,3.27988003510784,101512.287086588,2208.99920364513,746.172707987033
"1772-067-038","D10","1772-067-038_D10",4811.38719946224,181.252109553342,0,0,0,0,68.8615298106201,2.14077294748042,0.356795491246736,78472.5299583334,1612.71562043525,564.807262643583
"1772-067-038","D11","1772-067-038_D11",5623.44110327349,373.512693206357,0.345845086302183,0,0,0,121.737470378368,3.80429594932401,0.345845086302183,87838.0808641147,2942.44999425897,1006.06335605305
"1772-067-038","D12","1772-067-038_D12",6482.72561491622,122.334601266499,1.34433627765384,0,0,0,102.169557101692,7.05776545768265,1.00825220824038,88660.6579316177,874.490748613821,310.541680138036
"1772-067-038","E01","1772-067-038_E01",5628.62790992915,139.48883609235,3.4672177231368,0,0,0,49.3411752907929,12.2686165587917,1.06683622250363,76712.9922515685,1993.91689985928,671.039983954783
"1772-067-038","E02","1772-067-038_E02",6825.83106330605,309.443119046647,0,0,0,0,59.2054224000653,10.2078314482871,0.583304654187836,77195.4128921995,2496.83557225103,849.583228824583
"1772-067-038","E03","1772-067-038_E03",6190.26185657303,169.320883172854,0,0,0,0,83.4423057362626,8.22241698860982,0.913601887623313,82864.3002753596,1172.15122182071,422.693140007053
"1772-067-038","E04","1772-067-038_E04",8337.72649393971,3501.0838987634,4.54464890314899,0,0,0,126.114007062384,19.8828389512768,0,121398.365744254,1288.97604515563,564.104545103368
"1772-067-038","E05","1772-067-038_E05",7223.62008502336,716.67811912162,3.49289291552407,0,0,0,4.44550007430336,5.08057151348955,0,99223.2441227314,357.227684542234,108.914751820432
"1772-067-038","E06","1772-067-038_E06",6655.6278344256,2654.4720909158,8.08212244617559,0,0,0,25.7617652971847,46.4722040655096,0,125487.074160545,173.765632592775,78.295561197326
"1772-067-038","E07","1772-067-038_E07",5908.86569015707,158.834885027979,0,0,0,0,49.3921901069003,7.27884906838531,2.85954784829423,78659.1424164011,3050.35767744404,1025.53784195643
"1772-067-038","E08","1772-067-038_E08",4868.06582693738,176.484119434398,0.273195231322598,0,0,0,47.2627750188095,2.73195231322598,0.273195231322598,79685.0386817128,1340.29580486867,479.730826202482
"1772-067-038","E09","1772-067-038_E09",5566.16008698154,170.038176313134,0,0,0,0,15.8458515560626,4.26619080355532,0.914183743618997,89099.6996601674,1228.96767933847,455.87296015134
"1772-067-038","E10","1772-067-038_E10",153768.369960901,226810.031009842,1078.60320884455,0,640.420655251449,0,0,303.357152487529,0,120062.019684509,168.53175138196,101.119050829176
"1772-067-038","E11","1772-067-038_E11",7352.29026693299,186.126747775558,0.283729798438351,0,1.41864899219176,0,30.3590884329036,3.68848737969857,0,83082.3270383149,903.679408026149,334.801162157254
"1772-067-038","E12","1772-067-038_E12",5866.97742297346,163.909430510025,0,0,0,0,46.5589910584955,6.2623204347684,0.816824404535009,74831.4618978643,1687.01467016631,584.846273647066
"1772-067-038","F01","1772-067-038_F01",6013.75402756822,325.570794183679,0,0.509899442730899,0,0,524.686526570095,34.1632626629702,0,80132.9919726531,421.686839138453,123.905564583608
"1772-067-038","F02","1772-067-038_F02",5836.54200252613,323.41697152981,0,0,0,0,24.0056642815764,3.95697762883128,0,79723.0748776239,1998.00990405121,684.029532770634
"1772-067-038","F03","1772-067-038_F03",5841.79520781625,193.03138077876,0,0,0,0,53.7825364376684,43.1325292222886,3.19500216461397,83514.4278310248,1056.2144655853,407.89527634905
"1772-067-038","F04","1772-067-038_F04",7257.14751062437,954.308412934438,0,0,0,0,116.121598919013,29.2566106367385,0,96986.2674898733,5904.70790139617,2166.19564528923
"1772-067-038","F05","1772-067-038_F05",5353.89439512452,135.658332766993,0,0,0,0,88.7705983349059,7.9024271514753,2.10731390706008,76527.1045348869,1616.83659519185,520.50653504384
"1772-067-038","F06","1772-067-038_F06",7451.35739267368,411.965580084104,0.29489304229356,0,0,0,145.087376808432,33.6178068214659,2.06425129605492,98378.3831604277,986.122333429665,332.049565622549
"1772-067-038","F07","1772-067-038_F07",5295.62954275336,271.388449786027,0,0,0,0,72.8115353084463,10.7868941197698,0,74256.9791204955,522.183738070676,190.977057256834
"1772-067-038","F08","1772-067-038_F08",5745.66678673692,180.105376908659,0.610526701385285,0.305263350692643,0,0,34.8000219789613,7.02105706593078,2.1368434548485,81682.9779050387,1251.27447448914,406.6107831226
"1772-067-038","F09","1772-067-038_F09",16052.5456648166,12242.7636275101,149.403217149276,0,0,0,19.3670837045358,91.3019660356686,0,165253.791798317,0,2.76672624350511
"1772-067-038","F10","1772-067-038_F10",5303.49011628373,46.1231179762513,0,0,0,0,35.0936767210608,7.01873534421215,0.334225492581531,72782.9486175097,3528.41852518322,1199.53529287511
"1772-067-038","F11","1772-067-038_F11",5467.21941398682,114.464156212454,0.270600842109821,0,0,0,37.0723153690454,3.78841178953749,1.3530042105491,73998.5062833516,1642.00590992239,586.662625694091
"1772-067-038","F12","1772-067-038_F12",10740.7820272672,688.747733203812,14.9295028873659,2.48825048122764,0.995300192491057,1.49295028873659,186.121135995828,32.3472562559594,1.49295028873659,155220.050919558,2077.19150172884,864.915867274729
"1772-067-038","G01","1772-067-038_G01",6903.46824047071,140.035825335401,0,0.297948564543406,0,0,63.165095683202,24.7297308571027,0.297948564543406,86683.0697283067,288.414210478017,125.734294237317
"1772-067-038","G02","1772-067-038_G02",6122.84529534732,267.243198525323,0.601222043926485,8.71771963693403,0,0,151.207344047511,7.8158865710443,0.300611021963242,81525.1079343874,1328.09949503361,462.64036280143
"1772-067-038","G03","1772-067-038_G03",6822.00547360049,116.591407945451,0.563243516644691,0,0,0,133.488713444792,17.7421707743078,1.97135230825642,82024.026841933,400.184518576053,158.271428177158
"1772-067-038","G04","1772-067-038_G04",8099.77522154888,181.932750191621,0,0,0,0,551.898559752887,90.7869542376336,1.43536686541713,94307.5503167855,849.019500894233,303.221250319369
"1772-067-038","G05","1772-067-038_G05",4953.49970971246,107.53305219644,0.25849291393375,0,0,0,77.0308883522576,6.20382993441001,0,76797.7277438894,1960.92724510143,604.873418604976
"1772-067-038","G06","1772-067-038_G06",20867.8725108507,14022.1299107725,1106.02984184938,0,0,0,2652.14313656092,18.6278710206211,0,168551.962446212,27.9418065309316,0
"1772-067-038","G07","1772-067-038_G07",115334.84309285,183112.261404076,10514.3966353931,0,0,0,0,40.4399870592041,0,135918.796505985,161.759948236817,40.4399870592041
"1772-067-038","G08","1772-067-038_G08",5278.04359001519,96.9491537595625,4.48838674812789,0,0,0,58.9474792920797,12.2682571115496,2.39380626566821,80061.4490068397,1476.38001435087,514.369121335457
"1772-067-038","G09","1772-067-038_G09",14868.3615079809,2477.92885198494,85.935171767852,0,0,0,231.000048880556,122.201391046028,0,138073.380752729,50.4573485609407,12.6143371402352
"1772-067-038","G10","1772-067-038_G10",149183.303085299,102480.338777979,181.488203266788,0,0,0,0,60.4960677555959,0,121415.607985481,302.480338777979,0
"1772-067-038","G11","1772-067-038_G11",11038.2732562482,937.311162863331,4.75275490042978,0,0,0,39.3799691749896,21.7268795448219,0,105302.037573922,419.600361209372,156.840911714183
"1772-067-038","G12","1772-067-038_G12",41376.9123783032,288178.025034771,6050.06954102921,556.328233657858,625.86926286509,139.082058414465,208.623087621697,0,0,153477.051460362,208.623087621697,0
"1772-067-038","H01","1772-067-038_H01",6333.03642077759,138.679629652064,26.4607109451065,0,0,0,73.6436654014409,6.37607492653168,1.9128224779595,83714.038140405,1182.12429137897,407.112384059048
"1772-067-038","H02","1772-067-038_H02",5839.68696043413,257.877175822473,0.259173041027611,0,0,0,141.249307360048,38.616783113114,2.07338432822089,87996.7634470637,2146.47112579067,722.833611426006
"1772-067-038","H03","1772-067-038_H03",5687.62627398748,111.429764197878,7.0624498435275,0,0,0,73.2402205995444,7.58559427638139,1.83100551498861,83940.8784013543,1698.38840126015,596.384653453433
"1772-067-038","H04","1772-067-038_H04",7561.02835974846,145.569690449519,0,0,0,0,123.387642381021,27.7275600856227,0.277275600856227,86646.684338365,1871.33303017868,620.820070317092
"1772-067-038","H05","1772-067-038_H05",5819.34405463817,59.8530010294716,0,0,0,0,121.882474823651,21.7647276470806,1.08823638235403,80501.7422664481,1144.82467423644,406.184229713641
"1772-067-038","H06","1772-067-038_H06",6879.61170450399,215.737902722116,0,0,0,0,501.024686852752,74.1854735024217,0,96300.9268274855,1207.15038868279,460.113580141858
"1772-067-038","H07","1772-067-038_H07",5828.21946989567,262.380564015072,0,0,0,0,152.950510950301,11.5719136574241,5.53439348833325,82841.0658034355,1221.340017539,407.029484732872
"1772-067-038","H08","1772-067-038_H08",26676.0731056681,24857.2499393726,192.905487334377,0,0,0,33.0695121144646,82.6737802861615,0,203322.383650433,11.0231707048215,0
"1772-067-038","H09","1772-067-038_H09",45243.7308753606,4374.92433635153,590.698276329906,0,0,0,281.781863266916,630.356464493398,0,181832.79272961,27.1345497960734,27.1345497960734
"1772-067-038","H10","1772-067-038_H10",253685.645920704,29382.2522962925,154.372604008542,0,0,0,5107.16031594926,1119.20137906193,0,121709.933877068,25.728767334757,0
"1772-067-038","H11","1772-067-038_H11",12651.4597984595,3705.31047990177,5.70828386153987,0,0,0,1.26850752478664,0,0,144366.304380918,0.634253762393318,0.634253762393318
"1772-067-038","H12","1772-067-038_H12",5715.85304201167,38.7659471423656,0,0,0,0,86.8251007914626,3.71728260269259,2.65520185906613,86589.8499067493,1705.43615407818,584.409929180456
"1772-067-039","A01","1772-067-039_A01",6016.10380172028,161.30390275679,0.443142589991181,0,0,0,730.742130895458,85.9696624582892,4.43142589991181,84038.4470511076,1010.36510517989,381.545769982407
"1772-067-039","A02","1772-067-039_A02",5676.60430223699,420.877522144748,10.4844934342108,1.49778477631583,0.998523184210553,0,145.285123302635,21.9675100526322,0.998523184210553,89324.3892283313,2810.84276355271,1090.38731715792
"1772-067-039","A03","1772-067-039_A03",6513.94536487862,76.6916358487383,0.80728037735514,0.40364018867757,0,0,533.612329431747,56.9132666035373,0.40364018867757,79594.6160857073,1199.61864074974,456.920693583009
"1772-067-039","A04","1772-067-039_A04",6803.54082124493,134.000804004824,5.00003000018,0,0,0,474.502847017082,44.500267001602,2.000012000072,81293.9877639266,807.50484502907,284.001704010224
"1772-067-039","A05","1772-067-039_A05",5285.07003710413,144.419894516756,27.0514606043471,0,0,0,545.392350894094,45.8129574751039,1.7452555228611,83626.536261174,4005.36142496623,1448.99839785543
"1772-067-039","A06","1772-067-039_A06",50332.383665717,78822.4121557455,1234.56790123457,284.900284900285,0,0,474.833808167142,94.9667616334283,0,159354.226020893,379.867046533713,379.867046533713
"1772-067-039","A07","1772-067-039_A07",5719.31698686385,213.232962227304,0.834571280733088,0,0,0,900.919697551368,85.1262706347749,2.08642820183272,93613.44327419,469.029059771995,177.763682796148
"1772-067-039","A08","1772-067-039_A08",35523.5042735043,99358.9743589744,1469.01709401709,0,0,0,0,66.7735042735043,0,165064.102564103,467.41452991453,66.7735042735043
"1772-067-039","A09","1772-067-039_A09",5929.98911488592,196.015464368976,1.04263544877115,0,0,0,1355.94740112688,177.769344015481,9.38371903894035,94577.461558031,1930.43953339978,719.418459652093
"1772-067-039","A10","1772-067-039_A10",7750.89485157575,148.02056140162,0,4.24939410722355,0,0,927.076147725937,89.9455086028984,1.41646470240785,86765.5453459928,1718.87991637192,584.999922094441
"1772-067-039","A11","1772-067-039_A11",5162.04657367626,82.1513350205011,0,0,0,0,472.881067754824,60.0808271045455,1.22613932866419,105096.080277794,2425.71230520733,887.724873952877
"1772-067-039","A12","1772-067-039_A12",26440.7153897108,111448.443364981,6623.97880326783,0,0,0,0,55.1998233605652,0,166758.666372268,883.197173769044,331.198940163391
"1772-067-039","B01","1772-067-039_B01",23146.724084897,305905.875115349,5382.95908951092,384.497077822209,538.295908951092,76.8994155644417,0,0,0,136496.462626884,230.698246693325,76.8994155644417
"1772-067-039","B02","1772-067-039_B02",4791.67111532041,216.047560609505,0.628045234329957,0,0,0,1328.31567060786,106.767689836093,4.3963166403097,89654.0852458357,771.867592991518,320.303069508278
"1772-067-039","B03","1772-067-039_B03",5959.21590486808,95.2248234856931,4.18060200668896,0,0,0,485.414344109996,51.0962467484207,2.78706800445931,79692.4934968413,850.520252694166,300.074321813452
"1772-067-039","B04","1772-067-039_B04",5839.62267619044,213.831530163725,7.35237352998482,0,0,0,542.23754783638,76.8935731677579,2.14444227957891,83790.4058877807,924.867320292673,324.42348201058
"1772-067-039","B05","1772-067-039_B05",5398.14275352841,125.590050295471,0.371568196140447,0,0,0,849.033328180921,89.1763670737072,0,95701.4761661296,1153.34768081995,448.85438093766
"1772-067-039","B06","1772-067-039_B06",31188.567972176,89747.4671102374,2343.86813851505,189.021624073794,0,0,75.6086496295176,0,0,161500.07560865,340.238923332829,37.8043248147588
"1772-067-039","B07","1772-067-039_B07",5538.54686217712,120.851242425719,0.312277112211159,0,0,0,598.01066988437,80.8797720626903,1.87366267326696,96062.6852583968,1798.40388922407,671.708068366204
"1772-067-039","B08","1772-067-039_B08",3946.65456026557,171.185370144091,21.4652501748076,0.268315627185095,0,0,543.339145049818,56.34628170887,1.60989376311057,96910.5065423399,1612.57691938242,591.90427357032
"1772-067-039","B09","1772-067-039_B09",4825.72840403907,279.29729461733,19.8317605645441,0.413161678428002,0,0,844.089309028409,137.996000594953,2.06580839214001,101128.757705465,2588.04475367301,1020.92250739559
"1772-067-039","B10","1772-067-039_B10",9987.47377962414,2439.16965862792,68.8662932996819,11.16750702157,0,0,245.685154474541,85.617553832037,0.930625585130837,128470.070150557,7.44500468104669,6.51437909591586
"1772-067-039","B11","1772-067-039_B11",29897.3481608212,150855.431993157,384.944396920445,128.314798973482,0,0,171.086398631309,42.7715996578272,0,159751.924721985,598.802395209581,384.944396920445
"1772-067-039","B12","1772-067-039_B12",3339.54433350355,74.0159276844015,0.226348402704592,0,0,0,214.351937361248,23.313885478573,0.905393610818367,103578.839864843,1556.37161699677,557.49611586141
"1772-067-039","C01","1772-067-039_C01",20184.5105182748,142466.799858973,1792.22000235045,0,0,0,117.522623104948,176.283934657422,0,148225.408391115,235.045246209895,88.1419673287108
"1772-067-039","C02","1772-067-039_C02",11075.1325328481,1259.72665046487,0.857540265803181,0.857540265803181,0,0,471.647146191749,102.047291630579,0.857540265803181,133513.87414396,57.4551978088131,47.1647146191749
"1772-067-039","C03","1772-067-039_C03",30782.4015484255,76862.94945284,3126.62845231892,186.108836447555,0,0,0,74.4435345790218,0,163031.340728058,297.774138316087,186.108836447555
"1772-067-039","C04","1772-067-039_C04",5877.27155458543,127.908560959843,0.72469439637305,0,0.362347198186525,0,353.288518231862,37.321761413212,2.17408318911915,81241.5029582025,2029.50665704273,760.204421795329
"1772-067-039","C05","1772-067-039_C05",10811.0755136673,3328.07847258714,65.9211921565082,0,0,0,654.503264982474,325.839035516455,5.65038789912928,157676.899519152,28.2519394956464,35.7857900278187
"1772-067-039","C06","1772-067-039_C06",4918.3046942382,141.737887442023,11.1580890113933,0,0,0,548.254211424677,58.8061447897756,4.82511957249441,100367.312227456,1934.87294857026,706.578447397149
"1772-067-039","C07","1772-067-039_C07",6367.31110750937,114.080845756436,10.434223697235,0,0,0,302.244679763241,42.0847022455145,0,95775.7393169201,1595.39280330723,626.401229290675
"1772-067-039","C08","1772-067-039_C08",3875.08803104892,126.845064779947,0.286979784570015,0,0,0,271.769855987804,55.674078206583,1.14791913828006,91605.3821336717,2245.61681426037,865.818010047736
"1772-067-039","C09","1772-067-039_C09",4017.93735821935,38.6036430608899,1.40376883857781,0,0,0,216.180401140983,35.7961053837343,0.350942209644453,113608.766817151,1951.58962783281,758.737057251308
"1772-067-039","C10","1772-067-039_C10",4656.43734414621,69.9368011959945,4.51205169006416,0,0,0,438.045018243729,54.1446202807699,2.63203015253743,83958.3778271764,1443.48053651303,537.686159732646
"1772-067-039","C11","1772-067-039_C11",2523.31915865303,165.348801975599,0.155549202234807,9.95514894302762,0,0,269.722316675155,28.1544056045,0.311098404469613,133604.009685116,2086.84809718216,816.322213328265
"1772-067-039","C12","1772-067-039_C12",2504.82308692538,127.908514838636,0,0,0.155985993705653,0,344.417074102082,42.272204294232,0.46795798111696,137941.37796779,1924.86716232776,740.777484108147
"1772-067-039","D01","1772-067-039_D01",4384.43779715554,94.7638878407212,0,2.57277523549469,0,0,340.463922830464,50.1691170921465,0,86148.5211687946,1531.65885686451,580.589611476636
"1772-067-039","D02","1772-067-039_D02",4475.15332719246,172.14081219996,13.2025401687285,0,0,0,346.820574432367,43.1621505516123,1.01558001297911,90289.6332639015,1207.52463543216,458.534375860069
"1772-067-039","D03","1772-067-039_D03",4717.39468586054,137.637814575467,2.82817427209865,0,0,0,305.914183765337,35.3521784012331,0.942724757366216,87902.9559134767,3360.81376001056,1335.36961880924
"1772-067-039","D04","1772-067-039_D04",26689.8752538439,52915.5787641427,10675.9501015376,29.0107339715695,0,0,4960.83550913838,348.128807658834,0,175253.843922251,145.053669857847,0
"1772-067-039","D05","1772-067-039_D05",2808.68001752485,127.295472217635,24.0276594145737,0,0,0,178.673765221139,29.3955407731487,0,121316.419224377,782.176997963784,328.463216465184
"1772-067-039","D06","1772-067-039_D06",23868.7458145987,92604.9937816895,143.499473835263,0,0,0,95.6663158901751,0,0,186405.816512006,143.499473835263,47.8331579450875
"1772-067-039","D07","1772-067-039_D07",3529.27789270365,58.0626901990763,0.291772312558172,0,0,0,292.647629495847,41.4316683832604,0,109668.45912124,829.216912290325,325.034356189804
"1772-067-039","D08","1772-067-039_D08",3379.48751745066,130.294223098778,0.906920346395203,0.906920346395203,0,0,170.501025122298,32.3468256880956,0.302306782131734,101622.238654275,1232.20244396895,483.086237846512
"1772-067-039","D09","1772-067-039_D09",3500.76594598538,90.482630140676,45.5920229391003,0,0,0,744.552805382384,82.7670570279051,0,110269.568096245,2511.06834033814,992.853976466099
"1772-067-039","D10","1772-067-039_D10",4059.92029312723,165.543782642652,5.32690389691703,0,0,0,481.879921751879,52.859277130946,0,92464.8076045241,2549.12839559391,975.233174974042
"1772-067-039","D11","1772-067-039_D11",2747.47692473499,123.427327990803,0,0.256605671498551,6.92835313046089,1.28302835749276,267.896321044488,36.9512166957914,1.28302835749276,110563.942284252,1371.55731415976,534.253008059984
"1772-067-039","D12","1772-067-039_D12",2411.67070475936,52.8741363721591,0,0,0,0,216.377234999913,26.2337061231097,0.406724125939685,127575.529686997,2499.92984008828,973.087471310697
"1772-067-039","E01","1772-067-039_E01",6523.88114785491,105.322163961367,1.3056466606781,0,0,0,402.139171488855,65.7175485874644,2.17607776779683,76143.137172979,1752.17781863001,634.544277089557
"1772-067-039","E02","1772-067-039_E02",5242.52233733692,99.4020870687262,2.34438884596052,0,0,0,413.550192427437,53.9209434570921,3.28214438434473,84362.3637441203,1341.9281754278,487.632879959789
"1772-067-039","E03","1772-067-039_E03",29781.1993517018,79416.5316045381,12034.0356564019,2836.30470016207,0,0,121.555915721232,40.5186385737439,0,158468.395461912,486.223662884927,121.555915721232
"1772-067-039","E04","1772-067-039_E04",7487.24104703864,178.073944979671,0,0,0,0,931.498478688074,119.770546750286,0,86332.4179549157,3918.98268253483,1426.85138147416
"1772-067-039","E05","1772-067-039_E05",62221.6400314383,132957.820277705,458.475242336914,261.985852763951,0,0,327.482315954938,0,0,152803.248624574,0,65.4964631909877
"1772-067-039","E06","1772-067-039_E06",4146.00345104007,185.459436692436,13.5867719188598,0,0.67933859594299,0,314.873439219576,40.4206464586079,0,92769.1199847828,2480.60488308583,956.50874308773
"1772-067-039","E07","1772-067-039_E07",7323.62349098774,72.6459862714221,0.378364511830323,0,0,0,576.627516029413,63.186873475664,0.756729023660646,81462.6361260922,2317.1042704489,856.617254783852
"1772-067-039","E08","1772-067-039_E08",4698.67951270639,98.7028037276995,1.77523028287229,0,0,0,445.227754944371,62.8431520136792,1.06513816972338,88226.1046903004,2874.09782797024,1029.27851800936
"1772-067-039","E09","1772-067-039_E09",4139.09145775221,96.841078602099,0,0,0,0,387.364314408396,72.1984827078149,1.29697873127811,96651.2873810887,2840.81574774282,1109.34914148655
"1772-067-039","E10","1772-067-039_E10",49829.7740637574,212163.416898793,10290.9316001238,0,0,0,309.501702259362,309.501702259362,0,136877.127824203,309.501702259362,0
"1772-067-039","E11","1772-067-039_E11",45096.8209588899,168841.255048152,1242.6219322771,0,0,0,51.7759138448794,103.551827689759,0,149166.407787097,569.535052293673,0
"1772-067-039","E12","1772-067-039_E12",42497.7186807457,179833.137791683,325.902750619215,0,0,0,0,65.180550123843,0,145808.890627037,651.80550123843,325.902750619215
"1772-067-039","F01","1772-067-039_F01",6154.5883677892,93.4628731340389,1.93906375796761,0.775625503187045,0,0,288.144874433987,32.5762711338559,2.32687650956114,82336.9131035724,1764.54801975053,592.577884434903
"1772-067-039","F02","1772-067-039_F02",4662.66173752311,133.350937417481,4.62107208872458,0,0,0,416.886717718511,54.1325587536308,4.95114866649063,84537.5627145498,1874.17480855558,678.307367309216
"1772-067-039","F03","1772-067-039_F03",5339.31898213908,80.5824650885864,5.01030871017118,0,0,0,361.159752858172,50.938138553407,2.08762862923799,80893.9392800687,1281.80397835213,456.773144077272
"1772-067-039","F04","1772-067-039_F04",7308.97425670719,164.620060029624,0.391021520260389,0,0,0,469.225824312467,57.0891419580168,2.34612912156233,87069.1529379011,2800.49612810491,1034.64294260899
"1772-067-039","F05","1772-067-039_F05",4065.0406504065,369.549150036955,0,0,0,0,0,0,0,82779.0096082779,1847.74575018477,1108.64745011086
"1772-067-039","F06","1772-067-039_F06",5309.98101344975,211.466966813329,0.568459588207874,0,0,0,739.565924258445,75.6051252316473,3.12652773514331,102154.177609514,1664.16544447855,648.612390145185
"1772-067-039","F07","1772-067-039_F07",5842.31467855745,134.705211115994,8.98034740773292,0,0,0,316.706918579381,59.2702928910373,1.79606948154658,88142.1098068986,1124.63884036175,399.026769816933
"1772-067-039","F08","1772-067-039_F08",4893.48933268083,126.407867625681,0.300971113394479,0,0,0,515.262546131347,46.9514936895387,0.902913340183436,93429.5598177078,893.884206781602,358.15562493943
"1772-067-039","F09","1772-067-039_F09",23822.3418573351,113156.123822342,6292.05921938089,0,0,0,100.942126514132,0,0,159993.270524899,201.884253028264,134.589502018843
"1772-067-039","F10","1772-067-039_F10",4511.68561013373,198.223337239124,0.765341070421328,2.67869374647465,0,0,413.284178027517,38.2670535210664,0.382670535210664,85484.0055196398,1092.90704856166,386.11457002756
"1772-067-039","F11","1772-067-039_F11",45010.328936914,254568.568250437,1191.80041315748,317.81344350866,39.7266804385826,0,0,158.90672175433,0,135110.440171619,158.90672175433,39.7266804385826
"1772-067-039","F12","1772-067-039_F12",2431.59720139546,28.6609063169524,0.443209891499264,0,0,0,207.422229221655,27.1835400119548,0.738683152498773,129962.879694221,1819.52434123498,716.37492129331
"1772-067-039","G01","1772-067-039_G01",24464.1192917055,262086.439888164,203.867660764213,320.363466915191,0,0,58.2479030754893,58.2479030754893,0,123718.546132339,174.743709226468,116.495806150979
"1772-067-039","G02","1772-067-039_G02",5359.28387317641,67.1637552138264,0.767585773872301,3.07034309548921,0,0,621.744476836564,49.5092824147634,1.15137866080845,86342.2695669128,2432.09552451439,917.648792664336
"1772-067-039","G03","1772-067-039_G03",5432.941299525,197.444365028775,2.27383145906459,0,0,0,468.030308657462,72.3836347802228,2.27383145906459,84515.6625300619,718.909712974255,279.681269464945
"1772-067-039","G04","1772-067-039_G04",6392.04545454545,150.482191994185,0,0,0,0,720.367582160843,94.1020715435336,0,86234.4082602149,1784.28884793105,680.617569181247
"1772-067-039","G05","1772-067-039_G05",4677.60838745366,125.780603525887,10.4004633406418,0,0,0,388.067288397698,40.6268099243821,0,91013.4796505184,1590.29584768001,581.450903637757
"1772-067-039","G06","1772-067-039_G06",6063.86739770337,133.472144363471,0.325541815520662,0,0,0,710.983325097125,66.410530366215,1.62770907760331,93673.3552488084,2025.19563435404,759.163513794183
"1772-067-039","G07","1772-067-039_G07",6537.24896683808,179.42116704826,0.298041805728006,0,0,0,495.643522925674,85.8360400496657,7.15300333747214,91710.4440405647,5821.05450767368,2138.44995609844
"1772-067-039","G08","1772-067-039_G08",4693.95216792842,167.313570300798,8.53963402291405,0,0,0,616.435063357759,61.9914173515242,2.84654467430468,89672.1666126877,1789.52775191288,657.551819764382
"1772-067-039","G09","1772-067-039_G09",4341.8554565852,145.954180142727,0,0,0,0,786.801839998199,79.9183557079716,0,89710.7931052596,2269.98146494473,850.961646693331
"1772-067-039","G10","1772-067-039_G10",11964.3950825113,1173.60048996965,86.3947882557833,0,0,0,440.527880710182,65.8653336207457,2.5661818293797,122796.077505534,80.4070306538973,91.5271519145427
"1772-067-039","G11","1772-067-039_G11",3696.93482861335,130.474440367218,1.90821850628472,0,0,0.715581939856769,500.668830586453,60.8244648878254,0.23852731328559,117238.082698374,1072.41880053201,418.853962129496
"1772-067-039","G12","1772-067-039_G12",2960.65473671167,58.4106481305233,2.79923233852348,1.11969293540939,0,0,302.503708049771,39.1892527393288,1.49292391387919,114226.967729703,2109.68810580053,798.900909414602
"1772-067-039","H01","1772-067-039_H01",5580.35542666115,89.1872732836447,0.768855804169351,22.6812462229959,0,0,572.028718301997,50.7444830751772,1.5377116083387,82624.3201392552,1177.88709198745,429.021538726498
"1772-067-039","H02","1772-067-039_H02",4755.28810455766,151.588443769715,19.9359491806325,0,0,0,662.776272759895,71.844647047185,1.50459993816094,85206.9990979923,1343.98389476226,482.976580149663
"1772-067-039","H03","1772-067-039_H03",5352.17577197484,191.941553972908,0.35218633756497,0,0,0,383.530921608252,50.3626462717907,0,85053.3527082777,1026.97536033945,388.461530334161
"1772-067-039","H04","1772-067-039_H04",4714.63001690379,105.270309266007,1.00898059999368,0,0,0,514.580105996775,55.1576061329877,0.672653733329118,87039.7114584545,1331.51806512499,536.441352329972
"1772-067-039","H05","1772-067-039_H05",79196.2174940898,141298.417894163,1091.1074740862,272.776868521549,0,0,0,90.9256228405165,0,143844.335333697,272.776868521549,181.851245681033
"1772-067-039","H06","1772-067-039_H06",6329.17227131968,134.930711822361,4.19039477709195,0,0,0,505.780649594998,61.5988032232517,2.93327634396437,83238.4208916322,574.922163417016,210.776857287725
"1772-067-039","H07","1772-067-039_H07",5058.89464376867,77.1314259912381,0,0,0,0,436.305662903227,50.9795691100887,0.662072326105048,87949.6877997946,1553.88374936855,571.368417428657
"1772-067-039","H08","1772-067-039_H08",4167.21526076436,141.742015672257,0.629964514098921,1.25992902819784,0,0,535.784819241132,73.7058481495737,4.09476934164299,88573.6406468224,1412.69542286683,511.846167705373
"1772-067-039","H09","1772-067-039_H09",4272.87728806225,121.150687002198,1.11147419268072,0,0,0,695.412353220571,57.4261666218372,6.29835375852408,92003.7582647369,2015.10271133015,729.497561796113
"1772-067-039","H10","1772-067-039_H10",11482.5984122331,1870.26410578688,2.00779828855274,22.0857811740801,0,0,447.739018347261,84.327528119215,8.03119315421096,129280.124001622,31.1208734725675,23.0896803183565
"1772-067-039","H11","1772-067-039_H11",4089.19670926932,158.960497695383,18.0072438795551,0,0,0,415.408488118013,42.2238822003362,0.931409166183886,99136.0869513922,1171.40226133727,434.968080607875
"1772-067-039","H12","1772-067-039_H12",4094.96694050669,107.384492760448,0.86137293658113,0,0,0,490.408325226857,62.3059757460351,1.43562156096855,95808.5018657338,1345.75165125192,504.764540836542
